{"type": "FeatureCollection", "features": [{"type": "Feature", "properties": {"adcode": 340102, "name": "瑶海区", "center": [117.315358, 31.86961], "centroid": [117.353073, 31.935265], "childrenNum": 0, "level": "district", "acroutes": [100000, 340000, 340100], "parent": {"adcode": 340100}}, "geometry": {"type": "MultiPolygon", "coordinates": [[[[117.300015, 31.86272], [117.30004, 31.865978], [117.299966, 31.868198], [117.298977, 31.869379], [117.295936, 31.871077], [117.294518, 31.872686], [117.294406, 31.873], [117.294852, 31.874259], [117.294739, 31.874906], [117.292794, 31.877624], [117.290318, 31.879058], [117.290058, 31.879705], [117.290902, 31.880818], [117.290949, 31.881463], [117.290336, 31.882275], [117.290486, 31.883534], [117.290348, 31.885309], [117.288263, 31.891454], [117.288103, 31.892181], [117.288494, 31.893199], [117.2929, 31.896714], [117.296437, 31.898831], [117.298396, 31.899531], [117.298498, 31.90061], [117.299442, 31.901218], [117.299386, 31.901638], [117.29871, 31.901609], [117.298136, 31.902523], [117.297706, 31.902805], [117.29825, 31.903507], [117.29842, 31.904535], [117.297476, 31.905124], [117.296483, 31.90532], [117.295064, 31.906161], [117.295495, 31.907518], [117.294993, 31.908859], [117.294396, 31.909452], [117.294286, 31.910028], [117.294556, 31.91083], [117.294538, 31.911537], [117.294973, 31.912174], [117.294527, 31.914791], [117.295139, 31.915285], [117.296213, 31.915815], [117.297232, 31.916116], [117.297388, 31.917107], [117.298092, 31.917647], [117.299508, 31.918267], [117.299259, 31.919015], [117.299196, 31.920582], [117.298688, 31.921933], [117.297975, 31.922667], [117.297224, 31.923039], [117.296896, 31.923586], [117.296725, 31.924784], [117.295656, 31.924684], [117.295383, 31.925311], [117.29584, 31.925639], [117.296868, 31.925838], [117.297011, 31.92657], [117.296347, 31.927909], [117.296444, 31.928397], [117.297007, 31.929107], [117.297117, 31.929678], [117.296578, 31.930178], [117.296855, 31.930751], [117.296434, 31.931789], [117.295074, 31.931536], [117.294952, 31.932027], [117.295277, 31.932549], [117.293979, 31.933014], [117.29391, 31.933959], [117.294825, 31.934241], [117.294983, 31.935263], [117.295371, 31.935601], [117.296335, 31.935084], [117.297048, 31.935229], [117.297452, 31.935701], [117.297515, 31.936478], [117.296461, 31.937445], [117.297062, 31.938682], [117.297992, 31.939148], [117.298678, 31.940477], [117.299707, 31.942953], [117.30005, 31.946012], [117.30108, 31.949218], [117.30108, 31.951402], [117.301939, 31.95883], [117.302968, 31.960723], [117.303311, 31.965238], [117.306574, 31.969462], [117.309077, 31.971157], [117.310363, 31.976291], [117.308977, 31.980381], [117.309149, 31.985478], [117.310007, 31.989555], [117.314814, 31.99334], [117.31583, 31.996451], [117.313149, 32.001489], [117.308901, 32.003654], [117.304193, 32.005718], [117.302692, 32.007359], [117.300672, 32.009321], [117.303334, 32.013758], [117.303565, 32.01888], [117.302965, 32.023191], [117.303789, 32.026376], [117.305195, 32.030616], [117.312648, 32.034031], [117.31327, 32.035924], [117.314516, 32.040436], [117.313205, 32.045282], [117.316053, 32.047745], [117.316264, 32.050999], [117.319442, 32.053754], [117.323391, 32.056517], [117.332479, 32.059082], [117.334098, 32.057706], [117.33678, 32.054486], [117.338659, 32.052882], [117.340818, 32.052421], [117.345681, 32.052186], [117.347839, 32.052181], [117.350815, 32.052865], [117.355949, 32.054465], [117.361352, 32.055374], [117.364318, 32.055372], [117.366754, 32.056054], [117.371876, 32.056508], [117.374842, 32.055814], [117.376997, 32.054889], [117.378885, 32.053278], [117.38157, 32.051439], [117.383718, 32.049827], [117.386135, 32.047073], [117.385882, 32.045129], [117.386567, 32.043236], [117.391218, 32.040179], [117.39067, 32.037885], [117.389047, 32.036822], [117.387933, 32.037206], [117.385009, 32.036929], [117.384467, 32.036669], [117.384511, 32.036138], [117.38284, 32.03607], [117.380952, 32.035155], [117.37798, 32.034019], [117.376883, 32.03241], [117.375257, 32.029432], [117.374708, 32.027369], [117.374673, 32.021633], [117.374126, 32.018883], [117.373838, 32.015674], [117.373829, 32.01338], [117.375159, 32.010624], [117.378645, 32.006949], [117.380523, 32.005109], [117.385088, 32.0012], [117.38639, 31.998131], [117.383026, 31.992299], [117.380433, 31.983625], [117.380095, 31.981374], [117.381904, 31.977627], [117.382233, 31.976126], [117.383295, 31.977799], [117.385713, 31.978654], [117.393022, 31.978547], [117.393349, 31.978605], [117.395094, 31.978193], [117.396568, 31.976823], [117.39728, 31.975521], [117.397059, 31.974011], [117.397141, 31.972701], [117.397515, 31.969768], [117.397479, 31.969122], [117.400989, 31.961782], [117.404079, 31.960171], [117.408258, 31.959722], [117.408338, 31.959809], [117.412966, 31.9584], [117.415327, 31.955143], [117.419484, 31.946655], [117.423539, 31.940045], [117.423962, 31.936184], [117.427018, 31.928307], [117.428859, 31.921098], [117.425923, 31.918471], [117.42084, 31.917268], [117.415179, 31.916053], [117.411442, 31.914286], [117.41044, 31.912313], [117.409374, 31.90883], [117.408504, 31.902105], [117.408839, 31.898605], [117.409159, 31.892929], [117.409142, 31.889266], [117.409469, 31.886755], [117.408699, 31.882666], [117.407986, 31.881594], [117.406438, 31.880668], [117.40513, 31.880254], [117.404462, 31.878854], [117.404931, 31.877682], [117.405298, 31.876219], [117.406137, 31.874911], [117.407613, 31.874211], [117.40892, 31.874162], [117.410422, 31.873734], [117.410782, 31.87316], [117.412187, 31.87342], [117.412477, 31.871777], [117.413735, 31.871911], [117.414069, 31.870972], [117.405374, 31.869297], [117.405194, 31.868353], [117.405336, 31.866024], [117.40518, 31.865064], [117.404891, 31.86501], [117.40488, 31.864115], [117.406221, 31.864055], [117.406221, 31.863396], [117.407939, 31.863369], [117.408217, 31.864115], [117.408099, 31.864908], [117.410909, 31.86511], [117.41293, 31.865825], [117.415423, 31.867109], [117.414716, 31.864461], [117.409516, 31.863607], [117.407716, 31.861944], [117.404619, 31.860512], [117.399658, 31.860531], [117.39756, 31.859955], [117.393805, 31.859627], [117.392345, 31.859641], [117.39028, 31.858605], [117.38913, 31.857859], [117.388559, 31.856864], [117.388253, 31.855619], [117.388741, 31.853885], [117.388507, 31.852533], [117.387662, 31.849637], [117.38769, 31.849131], [117.388703, 31.847976], [117.391796, 31.847526], [117.396837, 31.846035], [117.400737, 31.845123], [117.401813, 31.844605], [117.402487, 31.843866], [117.403227, 31.842482], [117.403768, 31.84111], [117.404241, 31.83699], [117.403835, 31.835728], [117.403233, 31.834808], [117.400682, 31.833147], [117.39934, 31.832809], [117.398057, 31.832867], [117.392948, 31.833429], [117.389993, 31.83332], [117.388984, 31.832916], [117.388183, 31.832286], [117.38657, 31.830622], [117.384278, 31.828616], [117.382733, 31.826726], [117.381328, 31.824782], [117.380028, 31.821325], [117.379705, 31.818399], [117.379954, 31.816258], [117.378141, 31.816127], [117.376214, 31.816197], [117.375102, 31.81637], [117.37404, 31.816788], [117.373101, 31.817625], [117.372653, 31.818289], [117.372432, 31.819153], [117.372802, 31.821498], [117.372755, 31.82231], [117.372335, 31.823914], [117.371568, 31.82495], [117.370159, 31.825689], [117.367959, 31.825857], [117.366696, 31.825682], [117.365362, 31.825261], [117.363507, 31.824347], [117.361802, 31.824293], [117.361035, 31.824514], [117.35814, 31.827224], [117.356583, 31.827913], [117.353886, 31.827611], [117.352083, 31.827781], [117.350275, 31.829949], [117.348396, 31.831252], [117.346219, 31.832605], [117.340159, 31.83474], [117.339119, 31.836071], [117.33855, 31.839204], [117.338131, 31.839819], [117.335656, 31.841689], [117.333901, 31.842747], [117.331353, 31.843236], [117.330141, 31.843752], [117.328855, 31.844712], [117.327444, 31.846188], [117.326825, 31.846359], [117.325637, 31.845914], [117.324228, 31.844479], [117.323042, 31.843713], [117.322001, 31.84354], [117.321358, 31.843662], [117.317921, 31.846171], [117.316758, 31.846809], [117.311242, 31.848355], [117.30956, 31.849265], [117.307852, 31.850371], [117.305528, 31.852341], [117.304813, 31.853426], [117.304564, 31.854486], [117.305481, 31.856857], [117.30563, 31.858066], [117.305457, 31.859274], [117.304936, 31.860334], [117.304021, 31.861343], [117.303007, 31.861934], [117.300015, 31.86272]]]]}}, {"type": "Feature", "properties": {"adcode": 340103, "name": "庐阳区", "center": [117.283776, 31.869011], "centroid": [117.203225, 31.914803], "childrenNum": 0, "level": "district", "acroutes": [100000, 340000, 340100], "parent": {"adcode": 340100}}, "geometry": {"type": "MultiPolygon", "coordinates": [[[[117.067382, 31.962892], [117.068411, 31.962733], [117.069209, 31.962539], [117.070295, 31.962014], [117.071621, 31.961188], [117.073101, 31.960423], [117.075141, 31.959797], [117.076044, 31.95929], [117.077447, 31.957973], [117.078115, 31.957522], [117.078927, 31.957308], [117.080386, 31.957366], [117.081698, 31.95748], [117.082945, 31.957493], [117.084869, 31.957258], [117.086504, 31.957], [117.08683, 31.956876], [117.088661, 31.955929], [117.089136, 31.955726], [117.089666, 31.955636], [117.090595, 31.955613], [117.092379, 31.955649], [117.093105, 31.955744], [117.093468, 31.955999], [117.093996, 31.956871], [117.094764, 31.958363], [117.095322, 31.959867], [117.095353, 31.960649], [117.095232, 31.961206], [117.095413, 31.961448], [117.096297, 31.96219], [117.096641, 31.962606], [117.097467, 31.96345], [117.098049, 31.963892], [117.098894, 31.964073], [117.099857, 31.963953], [117.101002, 31.963671], [117.102351, 31.96323], [117.103375, 31.962838], [117.103826, 31.962523], [117.104459, 31.961756], [117.105092, 31.961185], [117.106099, 31.960583], [117.107937, 31.959754], [117.108689, 31.959454], [117.110029, 31.959197], [117.110692, 31.958926], [117.112241, 31.957873], [117.113056, 31.957631], [117.114514, 31.957677], [117.115312, 31.957631], [117.116138, 31.957419], [117.117613, 31.956937], [117.119961, 31.955942], [117.122683, 31.954767], [117.123241, 31.954496], [117.123798, 31.954103], [117.125556, 31.952598], [117.125933, 31.952237], [117.126068, 31.95195], [117.126501, 31.951518], [117.12755, 31.951065], [117.128972, 31.950726], [117.13258, 31.94974], [117.133437, 31.949457], [117.135773, 31.948451], [117.137227, 31.94785], [117.138197, 31.947284], [117.139458, 31.946673], [117.140689, 31.946267], [117.141477, 31.946094], [117.142434, 31.94598], [117.144432, 31.945977], [117.146898, 31.946042], [117.150293, 31.946059], [117.150765, 31.946126], [117.151793, 31.946384], [117.152266, 31.946575], [117.154374, 31.947824], [117.156526, 31.949164], [117.160255, 31.951571], [117.16274, 31.953204], [117.163252, 31.953715], [117.163613, 31.954227], [117.164048, 31.955082], [117.164313, 31.955855], [117.164394, 31.956396], [117.164392, 31.957008], [117.165078, 31.957106], [117.166553, 31.956703], [117.168108, 31.955555], [117.169783, 31.954583], [117.170934, 31.953498], [117.171809, 31.952233], [117.172754, 31.950516], [117.174841, 31.949257], [117.176928, 31.947708], [117.180629, 31.944784], [117.182107, 31.943409], [117.183186, 31.941061], [117.183531, 31.939572], [117.183607, 31.937687], [117.183142, 31.935968], [117.183082, 31.933677], [117.182616, 31.931388], [117.182898, 31.929033], [117.183233, 31.927889], [117.18391, 31.927093], [117.185655, 31.926283], [117.187872, 31.926348], [117.188945, 31.926914], [117.189882, 31.927893], [117.191343, 31.929954], [117.192951, 31.932472], [117.193889, 31.934246], [117.195024, 31.934874], [117.196569, 31.935274], [117.199586, 31.936132], [117.21342, 31.940127], [117.220451, 31.942142], [117.223881, 31.942602], [117.225153, 31.942373], [117.227105, 31.941691], [117.22879, 31.941055], [117.230323, 31.940349], [117.229644, 31.937483], [117.229911, 31.936354], [117.230972, 31.935234], [117.232296, 31.934338], [117.233625, 31.933667], [117.234941, 31.933213], [117.23627, 31.932993], [117.237596, 31.932323], [117.238389, 31.931193], [117.239899, 31.929914], [117.241863, 31.931441], [117.244962, 31.939712], [117.247628, 31.949329], [117.249331, 31.951374], [117.250546, 31.952182], [117.252086, 31.952732], [117.252919, 31.952739], [117.255909, 31.952015], [117.258347, 31.951822], [117.25962, 31.952161], [117.261085, 31.952688], [117.2624, 31.953287], [117.268372, 31.955063], [117.26944, 31.955522], [117.270792, 31.956331], [117.272604, 31.957076], [117.275836, 31.957134], [117.277118, 31.956737], [117.2784, 31.955995], [117.279677, 31.955083], [117.282313, 31.952168], [117.2842, 31.951083], [117.285484, 31.95], [117.286027, 31.948854], [117.286371, 31.945708], [117.286634, 31.94405], [117.287083, 31.936996], [117.290091, 31.936286], [117.294958, 31.934736], [117.294826, 31.934242], [117.294574, 31.934064], [117.293911, 31.933958], [117.293774, 31.933781], [117.293779, 31.933289], [117.293979, 31.933012], [117.295277, 31.93255], [117.294951, 31.932028], [117.295075, 31.931536], [117.295624, 31.931507], [117.296433, 31.931788], [117.296689, 31.931566], [117.296855, 31.930753], [117.296578, 31.930178], [117.296682, 31.929818], [117.297115, 31.929677], [117.297185, 31.929511], [117.297008, 31.929106], [117.296445, 31.928396], [117.296347, 31.927907], [117.296855, 31.92711], [117.29701, 31.92657], [117.297003, 31.926176], [117.296869, 31.925839], [117.29658, 31.925619], [117.29584, 31.925639], [117.295382, 31.925312], [117.295393, 31.924818], [117.295656, 31.924683], [117.296727, 31.924785], [117.296889, 31.924525], [117.296896, 31.923585], [117.296999, 31.923234], [117.297224, 31.92304], [117.297976, 31.922666], [117.298688, 31.921933], [117.298976, 31.921425], [117.299195, 31.920583], [117.299274, 31.919803], [117.299188, 31.919451], [117.29926, 31.919014], [117.299635, 31.918469], [117.299509, 31.918265], [117.298092, 31.917646], [117.297387, 31.917107], [117.297224, 31.916763], [117.297311, 31.916303], [117.297231, 31.916116], [117.296212, 31.915814], [117.29514, 31.915286], [117.294526, 31.914793], [117.294526, 31.914577], [117.294791, 31.913682], [117.294972, 31.912174], [117.29454, 31.911538], [117.294556, 31.91083], [117.294286, 31.910029], [117.294263, 31.909686], [117.294395, 31.909451], [117.294993, 31.908859], [117.295333, 31.908079], [117.295496, 31.907516], [117.295333, 31.906888], [117.295044, 31.906364], [117.295063, 31.90616], [117.295754, 31.905867], [117.296482, 31.90532], [117.296971, 31.905123], [117.297476, 31.905124], [117.297815, 31.904846], [117.29842, 31.904536], [117.298534, 31.904233], [117.298441, 31.903822], [117.298248, 31.903507], [117.297769, 31.903113], [117.297706, 31.902805], [117.298134, 31.902523], [117.298269, 31.901963], [117.298711, 31.901609], [117.299386, 31.901639], [117.299584, 31.901515], [117.299442, 31.901218], [117.298774, 31.900865], [117.298497, 31.90061], [117.298397, 31.899531], [117.297876, 31.899439], [117.296438, 31.89883], [117.292899, 31.896714], [117.288495, 31.8932], [117.288211, 31.892901], [117.288102, 31.892181], [117.288262, 31.891454], [117.288863, 31.889735], [117.289258, 31.888515], [117.290347, 31.885309], [117.290354, 31.884325], [117.290487, 31.883533], [117.290338, 31.882274], [117.290764, 31.881801], [117.290947, 31.881461], [117.290903, 31.880819], [117.290182, 31.880037], [117.290059, 31.879704], [117.290131, 31.879309], [117.290319, 31.879059], [117.292299, 31.877938], [117.292795, 31.877624], [117.293981, 31.876054], [117.29474, 31.874906], [117.294851, 31.874259], [117.294554, 31.873592], [117.294405, 31.873], [117.294519, 31.872686], [117.295936, 31.871077], [117.298976, 31.86938], [117.299693, 31.86869], [117.299965, 31.868197], [117.30004, 31.865977], [117.300016, 31.86272], [117.298395, 31.86015], [117.291657, 31.856723], [117.277742, 31.853556], [117.273714, 31.854039], [117.271253, 31.855816], [117.269924, 31.857591], [117.269615, 31.861285], [117.270082, 31.865708], [117.269678, 31.868812], [117.268507, 31.870371], [117.265897, 31.87083], [117.26407, 31.871042], [117.263377, 31.870808], [117.262593, 31.870386], [117.261967, 31.870137], [117.261304, 31.870119], [117.260602, 31.870275], [117.25861, 31.871689], [117.257947, 31.871981], [117.256995, 31.872075], [117.256211, 31.871792], [117.255637, 31.871912], [117.254915, 31.872239], [117.254478, 31.872625], [117.254101, 31.873096], [117.253661, 31.873912], [117.252261, 31.874022], [117.251823, 31.874112], [117.250455, 31.874256], [117.247854, 31.874259], [117.2475, 31.874545], [117.247051, 31.875661], [117.246837, 31.87595], [117.246111, 31.876369], [117.245386, 31.876482], [117.245137, 31.875965], [117.245153, 31.874465], [117.24489, 31.87408], [117.244045, 31.873749], [117.243673, 31.873742], [117.243596, 31.874137], [117.243997, 31.874792], [117.243729, 31.875032], [117.243317, 31.874995], [117.242354, 31.874448], [117.241863, 31.874478], [117.241677, 31.874835], [117.241521, 31.876112], [117.241005, 31.876851], [117.240488, 31.877295], [117.239585, 31.877809], [117.238755, 31.878035], [117.237801, 31.878546], [117.237419, 31.878603], [117.237061, 31.878505], [117.236405, 31.877303], [117.236135, 31.877001], [117.235795, 31.876835], [117.235381, 31.876934], [117.235076, 31.877433], [117.234976, 31.878803], [117.234867, 31.879143], [117.234278, 31.879618], [117.233839, 31.879809], [117.233301, 31.879657], [117.232415, 31.878871], [117.231407, 31.878593], [117.231068, 31.878239], [117.231203, 31.877966], [117.232266, 31.87784], [117.232533, 31.877578], [117.232736, 31.877154], [117.232715, 31.876793], [117.232301, 31.876266], [117.231638, 31.875834], [117.230353, 31.876348], [117.228809, 31.876304], [117.228429, 31.876383], [117.228029, 31.876628], [117.227638, 31.877115], [117.227517, 31.878195], [117.227682, 31.878972], [117.228097, 31.879791], [117.22909, 31.881371], [117.229472, 31.8817], [117.230253, 31.881872], [117.230321, 31.882274], [117.229832, 31.882647], [117.228641, 31.883132], [117.22828, 31.884109], [117.227801, 31.884538], [117.22718, 31.884667], [117.225735, 31.884618], [117.225023, 31.884905], [117.2247, 31.88495], [117.224358, 31.884455], [117.224234, 31.883535], [117.224437, 31.883094], [117.224179, 31.882634], [117.223613, 31.88234], [117.221184, 31.881494], [117.218385, 31.880653], [117.215182, 31.879814], [117.211396, 31.879685], [117.211301, 31.878818], [117.210905, 31.878606], [117.210554, 31.877479], [117.21087, 31.876853], [117.210908, 31.876474], [117.211203, 31.876027], [117.210991, 31.875913], [117.210268, 31.876144], [117.209886, 31.876178], [117.208942, 31.87568], [117.20873, 31.875441], [117.208795, 31.874895], [117.209212, 31.874576], [117.209198, 31.874238], [117.208886, 31.874168], [117.207995, 31.87435], [117.207204, 31.874056], [117.207094, 31.873876], [117.207176, 31.873073], [117.206957, 31.872513], [117.20651, 31.8722], [117.204956, 31.87171], [117.204745, 31.871855], [117.204763, 31.872091], [117.205715, 31.872907], [117.205887, 31.873267], [117.205587, 31.873675], [117.205045, 31.874038], [117.204989, 31.874293], [117.205589, 31.874923], [117.205796, 31.875542], [117.206403, 31.875994], [117.206613, 31.876588], [117.206459, 31.877574], [117.205929, 31.878252], [117.205612, 31.878493], [117.20514, 31.878569], [117.204607, 31.878393], [117.204002, 31.877981], [117.20363, 31.877992], [117.203267, 31.878446], [117.203451, 31.879233], [117.203363, 31.879599], [117.202686, 31.879648], [117.202299, 31.880058], [117.201436, 31.880416], [117.201106, 31.880292], [117.20095, 31.880045], [117.200899, 31.878025], [117.201008, 31.877576], [117.200692, 31.877374], [117.200354, 31.877498], [117.199575, 31.878377], [117.199026, 31.87828], [117.198961, 31.877321], [117.198507, 31.876852], [117.198432, 31.87663], [117.199098, 31.875623], [117.199117, 31.875449], [117.198056, 31.874681], [117.198165, 31.873922], [117.197879, 31.873326], [117.19776, 31.872792], [117.197092, 31.872143], [117.19682, 31.871641], [117.196953, 31.871331], [117.19769, 31.870737], [117.198046, 31.870267], [117.198628, 31.869859], [117.198695, 31.869215], [117.198484, 31.867852], [117.198581, 31.867627], [117.198972, 31.867406], [117.199079, 31.8672], [117.198842, 31.866667], [117.19833, 31.86609], [117.19823, 31.865799], [117.198379, 31.865434], [117.198882, 31.864904], [117.198928, 31.864523], [117.198744, 31.864143], [117.198405, 31.863821], [117.198163, 31.863226], [117.197788, 31.862778], [117.197325, 31.862396], [117.197195, 31.862126], [117.197516, 31.861314], [117.197506, 31.861016], [117.197304, 31.860769], [117.196774, 31.860472], [117.196683, 31.860142], [117.196366, 31.859883], [117.196346, 31.859662], [117.196536, 31.859171], [117.196397, 31.858629], [117.195917, 31.858509], [117.195108, 31.858943], [117.194619, 31.859057], [117.19498, 31.859753], [117.194998, 31.859968], [117.194738, 31.860891], [117.1944, 31.861669], [117.193728, 31.862547], [117.193286, 31.862517], [117.193316, 31.862192], [117.191913, 31.860186], [117.19135, 31.85987], [117.190666, 31.859805], [117.19004, 31.859908], [117.189912, 31.860009], [117.189591, 31.860724], [117.189335, 31.861626], [117.188875, 31.862156], [117.18823, 31.862465], [117.187477, 31.86244], [117.18699, 31.862805], [117.187114, 31.86298], [117.188214, 31.863178], [117.188437, 31.863439], [117.18965, 31.86337], [117.189931, 31.863146], [117.190136, 31.863602], [117.190976, 31.863982], [117.191187, 31.864168], [117.191453, 31.864879], [117.191997, 31.86511], [117.192376, 31.865448], [117.192425, 31.865807], [117.192016, 31.865939], [117.191262, 31.865291], [117.190957, 31.865136], [117.190508, 31.865269], [117.19025, 31.865782], [117.191085, 31.866677], [117.191222, 31.867202], [117.192439, 31.868334], [117.192667, 31.868784], [117.192663, 31.86936], [117.193102, 31.869822], [117.19297, 31.870022], [117.192323, 31.870061], [117.192111, 31.870234], [117.191611, 31.870343], [117.192106, 31.871227], [117.191667, 31.871956], [117.192411, 31.872134], [117.192535, 31.872479], [117.192216, 31.872971], [117.192213, 31.873651], [117.192076, 31.874087], [117.191592, 31.874283], [117.190899, 31.874317], [117.190466, 31.874448], [117.189889, 31.874346], [117.18884, 31.873717], [117.188347, 31.873964], [117.187495, 31.873925], [117.187276, 31.874038], [117.187358, 31.874352], [117.187812, 31.874818], [117.188656, 31.875005], [117.188863, 31.875269], [117.188761, 31.875663], [117.188093, 31.87635], [117.187807, 31.8768], [117.187239, 31.877259], [117.187249, 31.877586], [117.187635, 31.877747], [117.188023, 31.877663], [117.18834, 31.877447], [117.1885, 31.877171], [117.189014, 31.876921], [117.189296, 31.876946], [117.189577, 31.877295], [117.190131, 31.877314], [117.190671, 31.876993], [117.191378, 31.876908], [117.191992, 31.876646], [117.192297, 31.876667], [117.192441, 31.877003], [117.19213, 31.877655], [117.192186, 31.878184], [117.19206, 31.878691], [117.192207, 31.879228], [117.192162, 31.879607], [117.19149, 31.881035], [117.190748, 31.881575], [117.190669, 31.881934], [117.190124, 31.882614], [117.19014, 31.882963], [117.190566, 31.883584], [117.190129, 31.88435], [117.189726, 31.884557], [117.1875, 31.884559], [117.187139, 31.884889], [117.186783, 31.885451], [117.185499, 31.884972], [117.185485, 31.884329], [117.185362, 31.883714], [117.185597, 31.883344], [117.185592, 31.882739], [117.185729, 31.881933], [117.185518, 31.881794], [117.18465, 31.883071], [117.184389, 31.883141], [117.184243, 31.88339], [117.18361, 31.883418], [117.184022, 31.884227], [117.183915, 31.884651], [117.183538, 31.885236], [117.183251, 31.88537], [117.182491, 31.885296], [117.182356, 31.885995], [117.182246, 31.886163], [117.181672, 31.886338], [117.181151, 31.886114], [117.180797, 31.885722], [117.180311, 31.885441], [117.179817, 31.884983], [117.179664, 31.884575], [117.179685, 31.8838], [117.179194, 31.883762], [117.178705, 31.883314], [117.178875, 31.881837], [117.17881, 31.881503], [117.178582, 31.881379], [117.178445, 31.880655], [117.178796, 31.880075], [117.178708, 31.879734], [117.178098, 31.879508], [117.177856, 31.879173], [117.17743, 31.878913], [117.176911, 31.87841], [117.175906, 31.878929], [117.175739, 31.879205], [117.175799, 31.87991], [117.176409, 31.880791], [117.176286, 31.882306], [117.175625, 31.884646], [117.175695, 31.885005], [117.175923, 31.88533], [117.176011, 31.885823], [117.176325, 31.88627], [117.176048, 31.886498], [117.175157, 31.886234], [117.174645, 31.886312], [117.173987, 31.886192], [117.173368, 31.886201], [117.171642, 31.887164], [117.171223, 31.887632], [117.170825, 31.887625], [117.170613, 31.88733], [117.170215, 31.887067], [117.16986, 31.886649], [117.169583, 31.886578], [117.168599, 31.886667], [117.167563, 31.886877], [117.167431, 31.887017], [117.167275, 31.887581], [117.166975, 31.887815], [117.166595, 31.887785], [117.166174, 31.887446], [117.166083, 31.887129], [117.16643, 31.886804], [117.166491, 31.886509], [117.165781, 31.885886], [117.165518, 31.885048], [117.165195, 31.884588], [117.165399, 31.884144], [117.165213, 31.883666], [117.165332, 31.883166], [117.164587, 31.883333], [117.16428, 31.883045], [117.164185, 31.882062], [117.164383, 31.881679], [117.165018, 31.881088], [117.165018, 31.880892], [117.164746, 31.880694], [117.163855, 31.881165], [117.163394, 31.881187], [117.162852, 31.880837], [117.162745, 31.880615], [117.1623, 31.880402], [117.161968, 31.879935], [117.161975, 31.87939], [117.161544, 31.878591], [117.161528, 31.878186], [117.161272, 31.877707], [117.16126, 31.877155], [117.16076, 31.877176], [117.159965, 31.876949], [117.159848, 31.877471], [117.159992, 31.878033], [117.159427, 31.87841], [117.159378, 31.87855], [117.159418, 31.879599], [117.159685, 31.88138], [117.160141, 31.882144], [117.160265, 31.882702], [117.160179, 31.883159], [117.159874, 31.883817], [117.160537, 31.884481], [117.160635, 31.885385], [117.160821, 31.885797], [117.161723, 31.886509], [117.162112, 31.887339], [117.16251, 31.887551], [117.163075, 31.888032], [117.163138, 31.888963], [117.163413, 31.889428], [117.16328, 31.889557], [117.161947, 31.889816], [117.161472, 31.890055], [117.161081, 31.890446], [117.160753, 31.891071], [117.160209, 31.891246], [117.159992, 31.891531], [117.159616, 31.891721], [117.159208, 31.891746], [117.158673, 31.891527], [117.15835, 31.891532], [117.158066, 31.891755], [117.157664, 31.892732], [117.156903, 31.89316], [117.15667, 31.893957], [117.156447, 31.894316], [117.156456, 31.894588], [117.156945, 31.894675], [117.157505, 31.894909], [117.157664, 31.895243], [117.157408, 31.895771], [117.157303, 31.896434], [117.157175, 31.896558], [117.156661, 31.896619], [117.156412, 31.896431], [117.156421, 31.896021], [117.156079, 31.895761], [117.155879, 31.895288], [117.155602, 31.895071], [117.154685, 31.895119], [117.154157, 31.895366], [117.153983, 31.89628], [117.153562, 31.896735], [117.154199, 31.89784], [117.154162, 31.898087], [117.153743, 31.898309], [117.152436, 31.898202], [117.150314, 31.898878], [117.149942, 31.898912], [117.14926, 31.898808], [117.148848, 31.898617], [117.148022, 31.897907], [117.147736, 31.897193], [117.147082, 31.896836], [117.146594, 31.896677], [117.145849, 31.896662], [117.145011, 31.896774], [117.144369, 31.896295], [117.143299, 31.894911], [117.143073, 31.89421], [117.142699, 31.893811], [117.142627, 31.893362], [117.142299, 31.893181], [117.14224, 31.892817], [117.142327, 31.891821], [117.142557, 31.891494], [117.142545, 31.89126], [117.14218, 31.891021], [117.141831, 31.891011], [117.141549, 31.891335], [117.141086, 31.894262], [117.139037, 31.895828], [117.136512, 31.89847], [117.134186, 31.900999], [117.13299, 31.903468], [117.130884, 31.906047], [117.129265, 31.907384], [117.126838, 31.909453], [117.125187, 31.910079], [117.124742, 31.910621], [117.124021, 31.91083], [117.12269, 31.910831], [117.120705, 31.910527], [117.119165, 31.911014], [117.118304, 31.911056], [117.116848, 31.911723], [117.115375, 31.912097], [117.114405, 31.912793], [117.111697, 31.913099], [117.110324, 31.913821], [117.107839, 31.914904], [117.107255, 31.915083], [117.106297, 31.915223], [117.105645, 31.915709], [117.104908, 31.916349], [117.104464, 31.916638], [117.104131, 31.916612], [117.103465, 31.916027], [117.103007, 31.915848], [117.102588, 31.916056], [117.102451, 31.916513], [117.10284, 31.917111], [117.103924, 31.917861], [117.10398, 31.918166], [117.103714, 31.918526], [117.102702, 31.919525], [117.102076, 31.919789], [117.101451, 31.919815], [117.100729, 31.920219], [117.099701, 31.920649], [117.099005, 31.921232], [117.098354, 31.922217], [117.098077, 31.922217], [117.097479, 31.921981], [117.096981, 31.922094], [117.096297, 31.922537], [117.096241, 31.922852], [117.096462, 31.923092], [117.097118, 31.923495], [117.097202, 31.923787], [117.096772, 31.92434], [117.096548, 31.924773], [117.096621, 31.925369], [117.097016, 31.926123], [117.096942, 31.926585], [117.096332, 31.926492], [117.095848, 31.926566], [117.095441, 31.926936], [117.095441, 31.92825], [117.095683, 31.928935], [117.096071, 31.929656], [117.095923, 31.930063], [117.095553, 31.930342], [117.09398, 31.930525], [117.093421, 31.930654], [117.092877, 31.930358], [117.092333, 31.930481], [117.091439, 31.93148], [117.087796, 31.934959], [117.085762, 31.937303], [117.083801, 31.939295], [117.083059, 31.940386], [117.081302, 31.94152], [117.080085, 31.941971], [117.079076, 31.942034], [117.078199, 31.94197], [117.076984, 31.942077], [117.074483, 31.943789], [117.073061, 31.944988], [117.071984, 31.94624], [117.071165, 31.947952], [117.068911, 31.954649], [117.068429, 31.956308], [117.067948, 31.959337], [117.067794, 31.961284], [117.067382, 31.962892]]]]}}, {"type": "Feature", "properties": {"adcode": 340104, "name": "蜀山区", "center": [117.262072, 31.855868], "centroid": [117.055554, 31.871527], "childrenNum": 0, "level": "district", "acroutes": [100000, 340000, 340100], "parent": {"adcode": 340100}}, "geometry": {"type": "MultiPolygon", "coordinates": [[[[117.22679, 31.71845], [117.225583, 31.717634], [117.22457, 31.717217], [117.221967, 31.71679], [117.219351, 31.71694], [117.215321, 31.717977], [117.214468, 31.718376], [117.206362, 31.723256], [117.197686, 31.732654], [117.18869, 31.744646], [117.184795, 31.750761], [117.186778, 31.754584], [117.189352, 31.752031], [117.190682, 31.753127], [117.187762, 31.755614], [117.189171, 31.756617], [117.191399, 31.757971], [117.192943, 31.759496], [117.194522, 31.76044], [117.197762, 31.761707], [117.197813, 31.759051], [117.194564, 31.757604], [117.19788, 31.754718], [117.193509, 31.752772], [117.194222, 31.750406], [117.195771, 31.749216], [117.199724, 31.752376], [117.199746, 31.753133], [117.199248, 31.753833], [117.200539, 31.754711], [117.201661, 31.753961], [117.202991, 31.755057], [117.205138, 31.753242], [117.204995, 31.75298], [117.202434, 31.750929], [117.204332, 31.749241], [117.208485, 31.752772], [117.208143, 31.755729], [117.212793, 31.760041], [117.21419, 31.759073], [117.212287, 31.757124], [117.213008, 31.756623], [117.210232, 31.754251], [117.211168, 31.753749], [117.217739, 31.74912], [117.220811, 31.754521], [117.223461, 31.759359], [117.221359, 31.759742], [117.222131, 31.76124], [117.220756, 31.761859], [117.221532, 31.763391], [117.225051, 31.761959], [117.225824, 31.763319], [117.222055, 31.764894], [117.221832, 31.765072], [117.223119, 31.76717], [117.223553, 31.766818], [117.226638, 31.764978], [117.230799, 31.769694], [117.222473, 31.775568], [117.222195, 31.776081], [117.221608, 31.776178], [117.217924, 31.778749], [117.217021, 31.778024], [117.218376, 31.777217], [117.215608, 31.774385], [117.214105, 31.772549], [117.213426, 31.772191], [117.212257, 31.772259], [117.209898, 31.77009], [117.20905, 31.769825], [117.208075, 31.76811], [117.205223, 31.765809], [117.203864, 31.764792], [117.202839, 31.764175], [117.200948, 31.763325], [117.196399, 31.761713], [117.193956, 31.760704], [117.192158, 31.759646], [117.187453, 31.756203], [117.183576, 31.760019], [117.182263, 31.761374], [117.180554, 31.762379], [117.177482, 31.765399], [117.174106, 31.766933], [117.175161, 31.768869], [117.177048, 31.771559], [117.177457, 31.77399], [117.176811, 31.779639], [117.176322, 31.781777], [117.175102, 31.784759], [117.175444, 31.786184], [117.173022, 31.78863], [117.1799, 31.788605], [117.182132, 31.788699], [117.187065, 31.789956], [117.186036, 31.785798], [117.188183, 31.785453], [117.187618, 31.784507], [117.190466, 31.783203], [117.191234, 31.784578], [117.192808, 31.786934], [117.19442, 31.788157], [117.19545, 31.788503], [117.195661, 31.79224], [117.197952, 31.792047], [117.199176, 31.788879], [117.200429, 31.788892], [117.200395, 31.785092], [117.20397, 31.785051], [117.203953, 31.785353], [117.202721, 31.785353], [117.202683, 31.78577], [117.20199, 31.786433], [117.20202, 31.78746], [117.202788, 31.787687], [117.202775, 31.788671], [117.203526, 31.788907], [117.203594, 31.792408], [117.202472, 31.793171], [117.199914, 31.797114], [117.199117, 31.797848], [117.199847, 31.798685], [117.200117, 31.79786], [117.199611, 31.797764], [117.20145, 31.796046], [117.203096, 31.797546], [117.204932, 31.799432], [117.203278, 31.800561], [117.202425, 31.800583], [117.201999, 31.800876], [117.202535, 31.801414], [117.200855, 31.802565], [117.200087, 31.802634], [117.20045, 31.803203], [117.197433, 31.805559], [117.19642, 31.80722], [117.195948, 31.808539], [117.194623, 31.809019], [117.195311, 31.810086], [117.196433, 31.812544], [117.192032, 31.814597], [117.191036, 31.813119], [117.193074, 31.812261], [117.192374, 31.811085], [117.190475, 31.812058], [117.189876, 31.811122], [117.178968, 31.815079], [117.175845, 31.816392], [117.172482, 31.817992], [117.171321, 31.817298], [117.167152, 31.813931], [117.168186, 31.813129], [117.167064, 31.807597], [117.161945, 31.807671], [117.161751, 31.807622], [117.158671, 31.803524], [117.157274, 31.804087], [117.156911, 31.803524], [117.155042, 31.803832], [117.153366, 31.804818], [117.153366, 31.805783], [117.156308, 31.807444], [117.155826, 31.808235], [117.158898, 31.80965], [117.158012, 31.811141], [117.158544, 31.812251], [117.158046, 31.813297], [117.158776, 31.814936], [117.157105, 31.816324], [117.155624, 31.816361], [117.155088, 31.8182], [117.153307, 31.819808], [117.149758, 31.81852], [117.146366, 31.8161], [117.140555, 31.812718], [117.130225, 31.804168], [117.122794, 31.797873], [117.117465, 31.793189], [117.114557, 31.78657], [117.114878, 31.781236], [117.114393, 31.776551], [117.111481, 31.774936], [117.108088, 31.775907], [117.106312, 31.777522], [117.106312, 31.779785], [117.106472, 31.782372], [117.105181, 31.784311], [117.10308, 31.785117], [117.098873, 31.784793], [117.093336, 31.78291], [117.092399, 31.783635], [117.091923, 31.783582], [117.091935, 31.782854], [117.091159, 31.783025], [117.090935, 31.782163], [117.090344, 31.782148], [117.08996, 31.781307], [117.089036, 31.781052], [117.088745, 31.780423], [117.088137, 31.780174], [117.08731, 31.780815], [117.086441, 31.780663], [117.084314, 31.779284], [117.083745, 31.778017], [117.08331, 31.777594], [117.082192, 31.777445], [117.081145, 31.777034], [117.078934, 31.777208], [117.078546, 31.776888], [117.078086, 31.775941], [117.07698, 31.776106], [117.076149, 31.777171], [117.074824, 31.777675], [117.074516, 31.778459], [117.072828, 31.778067], [117.072904, 31.77896], [117.072702, 31.779362], [117.071993, 31.779468], [117.069111, 31.778929], [117.067942, 31.779038], [117.067233, 31.778702], [117.066385, 31.778811], [117.065473, 31.778462], [117.064785, 31.778708], [117.062908, 31.777912], [117.062186, 31.77869], [117.061334, 31.779066], [117.06108, 31.779648], [117.061106, 31.780507], [117.060152, 31.780548], [117.059912, 31.781226], [117.060089, 31.781581], [117.061068, 31.78225], [117.060798, 31.782829], [117.060034, 31.782586], [117.058312, 31.783252], [117.058481, 31.784096], [117.057793, 31.785244], [117.056481, 31.785207], [117.05589, 31.785929], [117.055346, 31.785854], [117.054557, 31.785201], [117.053692, 31.785132], [117.052641, 31.785518], [117.051185, 31.78517], [117.049999, 31.785758], [117.049223, 31.785755], [117.048771, 31.785191], [117.048244, 31.78511], [117.047527, 31.785552], [117.047265, 31.785238], [117.043653, 31.786007], [117.043653, 31.78192], [117.03888, 31.781301], [117.03596, 31.781024], [117.032243, 31.780822], [117.028842, 31.781161], [117.024829, 31.781276], [117.021765, 31.781578], [117.0186, 31.781226], [117.017351, 31.780591], [117.015123, 31.777354], [117.008021, 31.770189], [117.005367, 31.769408], [117.00151, 31.769788], [116.998573, 31.770174], [116.995738, 31.770457], [116.991708, 31.770476], [116.987678, 31.769738], [116.984543, 31.768816], [116.982467, 31.768073], [116.979812, 31.767294], [116.977247, 31.767073], [116.968744, 31.76792], [116.965423, 31.76806], [116.962971, 31.767833], [116.960701, 31.767301], [116.957853, 31.765971], [116.954304, 31.76538], [116.952684, 31.766774], [116.952798, 31.768281], [116.953658, 31.77009], [116.954979, 31.771191], [116.957178, 31.77277], [116.961292, 31.774068], [116.961959, 31.774665], [116.961229, 31.776635], [116.957207, 31.78263], [116.956874, 31.78418], [116.957321, 31.787074], [116.957443, 31.790093], [116.956979, 31.791562], [116.955595, 31.792271], [116.952371, 31.793731], [116.946776, 31.794767], [116.944358, 31.795483], [116.939438, 31.798632], [116.936104, 31.800107], [116.933345, 31.80086], [116.93142, 31.800297], [116.929986, 31.799208], [116.928196, 31.797303], [116.925614, 31.794724], [116.92285, 31.793958], [116.920833, 31.795016], [116.91717, 31.804018], [116.914571, 31.809498], [116.911216, 31.812304], [116.904629, 31.815776], [116.9036, 31.816545], [116.901371, 31.822935], [116.898473, 31.825697], [116.895873, 31.826724], [116.893341, 31.829639], [116.893316, 31.830967], [116.893717, 31.832065], [116.894607, 31.832638], [116.896616, 31.833001], [116.899726, 31.833061], [116.908321, 31.834454], [116.916031, 31.835278], [116.927171, 31.838221], [116.929205, 31.839412], [116.929939, 31.841795], [116.929791, 31.844084], [116.929095, 31.84618], [116.927724, 31.847741], [116.924019, 31.852761], [116.923204, 31.854173], [116.922799, 31.856017], [116.923006, 31.858079], [116.92377, 31.859329], [116.925065, 31.860999], [116.926441, 31.86247], [116.92772, 31.864046], [116.928378, 31.866826], [116.928741, 31.869158], [116.927998, 31.873434], [116.92672, 31.876904], [116.926787, 31.880871], [116.927217, 31.882348], [116.928483, 31.883834], [116.930213, 31.885363], [116.932353, 31.886569], [116.926665, 31.888453], [116.924175, 31.887797], [116.920314, 31.88481], [116.913402, 31.889255], [116.909541, 31.892097], [116.905764, 31.893555], [116.900827, 31.896141], [116.900996, 31.900406], [116.89662, 31.903756], [116.89267, 31.907216], [116.892544, 31.913774], [116.892759, 31.915122], [116.888678, 31.915669], [116.883273, 31.918948], [116.879024, 31.920732], [116.877994, 31.923793], [116.877175, 31.926888], [116.874471, 31.930384], [116.872023, 31.931841], [116.871812, 31.933152], [116.870221, 31.934572], [116.868462, 31.935483], [116.867989, 31.936794], [116.866445, 31.938435], [116.864212, 31.939746], [116.862411, 31.940911], [116.860951, 31.943166], [116.860609, 31.944515], [116.859963, 31.946227], [116.857862, 31.948156], [116.856874, 31.948812], [116.856528, 31.950014], [116.855811, 31.95806], [116.859339, 31.960542], [116.860448, 31.963278], [116.862107, 31.966239], [116.865373, 31.96941], [116.872407, 31.972317], [116.879163, 31.974308], [116.89102, 31.975109], [116.896958, 31.976423], [116.904511, 31.977268], [116.912896, 31.978796], [116.92101, 31.980554], [116.924821, 31.982814], [116.926985, 31.983939], [116.931062, 31.986196], [116.937433, 31.989491], [116.929197, 31.998738], [116.928935, 32.006339], [116.923787, 32.013514], [116.924238, 32.01538], [116.927433, 32.017357], [116.929589, 32.01791], [116.93261, 32.022042], [116.940442, 32.027716], [116.946856, 32.026297], [116.957093, 32.022352], [116.959684, 32.016677], [116.959807, 32.014582], [116.96252, 32.013163], [116.971339, 32.016308], [116.971584, 32.014703], [116.97769, 32.015259], [116.980281, 32.012176], [116.985585, 32.013949], [116.988716, 32.011775], [116.996683, 32.006442], [116.998654, 32.001632], [116.998101, 31.996453], [116.996573, 31.993425], [117.002266, 31.994376], [117.007815, 31.998108], [117.020752, 32.00103], [117.022917, 32.002641], [117.024808, 32.003793], [117.026706, 32.005631], [117.029947, 32.007019], [117.032509, 32.006336], [117.035209, 32.004281], [117.03899, 32.002678], [117.041691, 32.001079], [117.044463, 31.998058], [117.046472, 31.995202], [117.04767, 31.994869], [117.054105, 31.994745], [117.057679, 31.993245], [117.061583, 31.990361], [117.064131, 31.988215], [117.065739, 31.987768], [117.068533, 31.987473], [117.070908, 31.987867], [117.071917, 31.987867], [117.073271, 31.987302], [117.073744, 31.986786], [117.073951, 31.985985], [117.0739, 31.983234], [117.072706, 31.978942], [117.070769, 31.974982], [117.070364, 31.973665], [117.06863, 31.970102], [117.067296, 31.965919], [117.067174, 31.964117], [117.067794, 31.961284], [117.067946, 31.959336], [117.068427, 31.956308], [117.068908, 31.954649], [117.071166, 31.947951], [117.071984, 31.946239], [117.07306, 31.944987], [117.074482, 31.943788], [117.076985, 31.942076], [117.080086, 31.94197], [117.081302, 31.94152], [117.083057, 31.940386], [117.0838, 31.939295], [117.085762, 31.937304], [117.087796, 31.934958], [117.091437, 31.931481], [117.092332, 31.93048], [117.092876, 31.930359], [117.093421, 31.930654], [117.095552, 31.93034], [117.096071, 31.929657], [117.095442, 31.928249], [117.095442, 31.926935], [117.095847, 31.926565], [117.09694, 31.926587], [117.097016, 31.926124], [117.096547, 31.924772], [117.097202, 31.923787], [117.097117, 31.923495], [117.096239, 31.922851], [117.096298, 31.922537], [117.09748, 31.921981], [117.098354, 31.922217], [117.099003, 31.921232], [117.0997, 31.920648], [117.101451, 31.919815], [117.1027, 31.919523], [117.103717, 31.918525], [117.103924, 31.91786], [117.102839, 31.917111], [117.102451, 31.916515], [117.103008, 31.915847], [117.10413, 31.916611], [117.104464, 31.916639], [117.106295, 31.915222], [117.107839, 31.914905], [117.110325, 31.91382], [117.111696, 31.913099], [117.114405, 31.912792], [117.115376, 31.912098], [117.116849, 31.911722], [117.118304, 31.911057], [117.119165, 31.911014], [117.120706, 31.910526], [117.122689, 31.91083], [117.124022, 31.91083], [117.124744, 31.910622], [117.125187, 31.910078], [117.126837, 31.909454], [117.130884, 31.906047], [117.132989, 31.903467], [117.134183, 31.900999], [117.136513, 31.898469], [117.139036, 31.895827], [117.141087, 31.89426], [117.141551, 31.891335], [117.14183, 31.891012], [117.142543, 31.89126], [117.142327, 31.891823], [117.142298, 31.893182], [117.143074, 31.894211], [117.143298, 31.89491], [117.14437, 31.896293], [117.145011, 31.896775], [117.146594, 31.896676], [117.147737, 31.897195], [117.148024, 31.897906], [117.149261, 31.898808], [117.150315, 31.898876], [117.152438, 31.898202], [117.153742, 31.898307], [117.154198, 31.897841], [117.15356, 31.896735], [117.153982, 31.896281], [117.15416, 31.895367], [117.154687, 31.895118], [117.155603, 31.895072], [117.156421, 31.89602], [117.156662, 31.89662], [117.157303, 31.896433], [117.157662, 31.895243], [117.157506, 31.89491], [117.156455, 31.89459], [117.156902, 31.89316], [117.157662, 31.892734], [117.158067, 31.891755], [117.158675, 31.891528], [117.159616, 31.891721], [117.160751, 31.891071], [117.16108, 31.890446], [117.161949, 31.889815], [117.163279, 31.889557], [117.163076, 31.888034], [117.162114, 31.887337], [117.161721, 31.886507], [117.160818, 31.885795], [117.16054, 31.88448], [117.159873, 31.883818], [117.160266, 31.882702], [117.159688, 31.881381], [117.159417, 31.879599], [117.159426, 31.878408], [117.159996, 31.878032], [117.159966, 31.87695], [117.161261, 31.877155], [117.161544, 31.878592], [117.1623, 31.880401], [117.163392, 31.881188], [117.164747, 31.880694], [117.165017, 31.881088], [117.164186, 31.882061], [117.164283, 31.883047], [117.164587, 31.883333], [117.165334, 31.883165], [117.165401, 31.884144], [117.165194, 31.884589], [117.165781, 31.885885], [117.16649, 31.886507], [117.166085, 31.887129], [117.166595, 31.887785], [117.167275, 31.88758], [117.167562, 31.886877], [117.1686, 31.886666], [117.169857, 31.886647], [117.170828, 31.887626], [117.173368, 31.886203], [117.175157, 31.886234], [117.176047, 31.886498], [117.17601, 31.885823], [117.175626, 31.884645], [117.176288, 31.882304], [117.17641, 31.88079], [117.175799, 31.87991], [117.175908, 31.878928], [117.176913, 31.878408], [117.178098, 31.879506], [117.17871, 31.879733], [117.178444, 31.880656], [117.178875, 31.881838], [117.178706, 31.883314], [117.179195, 31.883762], [117.179685, 31.883799], [117.179816, 31.884984], [117.181149, 31.886115], [117.181672, 31.886339], [117.182246, 31.886162], [117.182491, 31.885295], [117.183538, 31.885236], [117.184023, 31.884225], [117.183609, 31.883417], [117.184652, 31.883072], [117.185517, 31.881794], [117.185728, 31.881934], [117.185597, 31.883342], [117.18536, 31.883715], [117.1855, 31.884971], [117.186783, 31.88545], [117.1875, 31.884558], [117.189724, 31.884558], [117.190129, 31.88435], [117.190568, 31.883582], [117.190125, 31.882615], [117.190749, 31.881576], [117.191488, 31.881036], [117.192163, 31.879608], [117.192129, 31.877656], [117.192298, 31.876667], [117.189576, 31.877295], [117.189297, 31.876947], [117.1885, 31.877171], [117.188023, 31.877662], [117.187247, 31.877588], [117.188762, 31.875663], [117.188656, 31.875004], [117.187812, 31.874817], [117.187356, 31.874351], [117.187496, 31.873925], [117.188348, 31.873965], [117.188842, 31.873717], [117.189888, 31.874345], [117.190466, 31.874447], [117.192074, 31.874087], [117.192412, 31.872134], [117.191665, 31.871957], [117.192108, 31.871226], [117.19161, 31.870343], [117.193099, 31.869824], [117.192665, 31.86936], [117.192437, 31.868334], [117.191222, 31.867203], [117.191087, 31.866677], [117.190251, 31.865782], [117.190956, 31.865135], [117.192015, 31.86594], [117.192378, 31.865449], [117.191454, 31.86488], [117.191188, 31.864168], [117.189652, 31.863369], [117.188437, 31.86344], [117.188213, 31.863179], [117.187116, 31.86298], [117.187475, 31.862439], [117.18823, 31.862467], [117.189335, 31.861627], [117.189914, 31.86001], [117.190669, 31.859805], [117.191914, 31.860187], [117.193315, 31.862193], [117.193728, 31.862548], [117.194399, 31.861671], [117.194998, 31.85997], [117.194619, 31.859059], [117.195918, 31.858508], [117.196395, 31.858629], [117.196366, 31.859883], [117.197302, 31.860769], [117.197513, 31.861313], [117.197193, 31.862128], [117.198163, 31.863225], [117.198927, 31.864522], [117.198378, 31.865433], [117.198328, 31.866089], [117.199079, 31.867199], [117.198484, 31.867852], [117.198695, 31.869214], [117.198627, 31.869858], [117.196952, 31.871329], [117.197091, 31.872143], [117.197762, 31.872793], [117.198167, 31.873922], [117.198053, 31.874681], [117.199117, 31.875448], [117.198433, 31.87663], [117.198961, 31.87732], [117.199024, 31.878281], [117.199577, 31.878377], [117.200357, 31.877497], [117.201007, 31.877575], [117.200898, 31.878026], [117.200948, 31.880044], [117.201433, 31.880417], [117.202299, 31.880059], [117.202687, 31.879649], [117.203362, 31.879599], [117.203269, 31.878446], [117.204003, 31.877982], [117.205138, 31.87857], [117.205611, 31.878492], [117.206459, 31.877575], [117.206611, 31.876586], [117.206404, 31.875993], [117.205797, 31.875542], [117.20559, 31.874923], [117.204991, 31.874292], [117.205885, 31.873266], [117.205717, 31.872908], [117.204763, 31.872091], [117.204957, 31.871708], [117.20651, 31.872199], [117.207177, 31.873073], [117.207206, 31.874056], [117.207995, 31.874351], [117.208886, 31.874167], [117.20921, 31.874575], [117.208797, 31.874895], [117.208729, 31.875442], [117.209886, 31.876176], [117.211202, 31.876027], [117.210552, 31.877479], [117.210907, 31.878607], [117.211299, 31.878816], [117.211396, 31.879686], [117.215181, 31.879814], [117.218388, 31.880653], [117.221186, 31.881496], [117.223612, 31.882338], [117.22444, 31.883094], [117.224233, 31.883535], [117.224359, 31.884455], [117.224701, 31.88495], [117.225735, 31.884617], [117.227178, 31.884667], [117.227803, 31.884536], [117.22828, 31.88411], [117.228642, 31.883131], [117.229832, 31.882646], [117.230322, 31.882273], [117.230254, 31.881872], [117.22909, 31.881371], [117.22768, 31.878971], [117.22752, 31.878194], [117.227638, 31.877115], [117.228031, 31.876627], [117.228807, 31.876304], [117.230356, 31.876347], [117.231638, 31.875834], [117.232301, 31.876266], [117.232736, 31.877152], [117.232267, 31.877839], [117.231204, 31.877967], [117.231406, 31.878592], [117.232415, 31.878872], [117.233301, 31.879655], [117.233837, 31.879811], [117.234867, 31.879142], [117.235078, 31.877432], [117.235795, 31.876835], [117.236407, 31.877302], [117.237061, 31.878505], [117.237799, 31.878545], [117.238753, 31.878035], [117.239584, 31.877808], [117.241006, 31.876851], [117.241521, 31.876114], [117.241677, 31.874836], [117.242357, 31.874447], [117.243319, 31.874995], [117.243998, 31.874792], [117.243597, 31.874136], [117.243673, 31.873742], [117.244893, 31.87408], [117.245154, 31.874466], [117.245137, 31.875965], [117.245386, 31.876481], [117.246112, 31.876369], [117.246838, 31.875949], [117.2475, 31.874544], [117.247855, 31.874261], [117.250454, 31.874255], [117.253661, 31.873913], [117.2541, 31.873098], [117.254915, 31.87224], [117.256214, 31.871792], [117.256995, 31.872075], [117.257944, 31.871982], [117.258607, 31.871689], [117.260599, 31.870275], [117.261966, 31.870138], [117.264071, 31.871043], [117.265899, 31.870831], [117.268506, 31.870371], [117.269675, 31.868813], [117.27008, 31.865707], [117.269616, 31.861285], [117.269924, 31.857591], [117.271253, 31.855815], [117.273714, 31.854039], [117.276612, 31.853691], [117.276537, 31.852739], [117.276153, 31.851881], [117.273764, 31.848513], [117.272996, 31.8472], [117.272629, 31.846924], [117.266211, 31.837894], [117.265367, 31.835953], [117.265008, 31.834193], [117.265114, 31.833219], [117.264751, 31.832127], [117.265025, 31.831375], [117.264375, 31.830479], [117.264071, 31.829325], [117.263392, 31.82794], [117.258417, 31.821423], [117.257273, 31.820614], [117.257121, 31.819734], [117.255472, 31.817531], [117.253062, 31.814803], [117.247994, 31.808823], [117.24637, 31.806772], [117.239846, 31.798346], [117.239209, 31.796986], [117.239137, 31.796273], [117.240133, 31.795284], [117.242032, 31.793625], [117.244496, 31.790834], [117.246652, 31.788736], [117.247935, 31.787967], [117.249045, 31.787634], [117.249593, 31.787868], [117.251573, 31.789122], [117.253514, 31.790638], [117.255328, 31.791142], [117.257303, 31.791325], [117.260295, 31.791391], [117.26278, 31.791727], [117.264861, 31.791689], [117.268295, 31.79121], [117.269827, 31.789972], [117.270291, 31.788509], [117.272009, 31.786094], [117.272169, 31.785341], [117.272059, 31.784155], [117.271747, 31.783778], [117.271912, 31.780887], [117.273536, 31.779938], [117.27506, 31.779978], [117.276553, 31.778929], [117.277714, 31.777382], [117.277376, 31.776632], [117.277781, 31.776215], [117.277456, 31.776035], [117.27725, 31.775241], [117.27625, 31.769573], [117.276212, 31.756766], [117.274271, 31.752906], [117.265029, 31.74308], [117.25916, 31.735364], [117.246686, 31.73087], [117.227153, 31.719042], [117.22679, 31.71845]]]]}}, {"type": "Feature", "properties": {"adcode": 340111, "name": "包河区", "center": [117.285751, 31.82956], "centroid": [117.327426, 31.739256], "childrenNum": 0, "level": "district", "acroutes": [100000, 340000, 340100], "parent": {"adcode": 340100}}, "geometry": {"type": "MultiPolygon", "coordinates": [[[[117.226787, 31.718452], [117.227152, 31.719043], [117.246688, 31.730869], [117.259158, 31.735364], [117.265028, 31.743078], [117.274271, 31.752907], [117.276213, 31.756766], [117.276251, 31.769574], [117.27725, 31.775242], [117.277456, 31.776035], [117.277781, 31.776215], [117.277376, 31.776633], [117.277715, 31.777384], [117.276551, 31.778931], [117.275062, 31.77998], [117.273536, 31.779937], [117.271912, 31.780886], [117.271749, 31.783777], [117.272057, 31.784156], [117.272171, 31.785339], [117.27201, 31.786095], [117.270289, 31.788508], [117.269826, 31.78997], [117.268296, 31.791212], [117.264863, 31.79169], [117.262778, 31.791726], [117.260296, 31.79139], [117.257302, 31.791325], [117.255329, 31.791142], [117.253516, 31.790639], [117.251574, 31.789124], [117.249592, 31.787867], [117.249047, 31.787634], [117.247937, 31.787966], [117.246654, 31.788736], [117.244496, 31.790833], [117.242033, 31.793625], [117.240134, 31.795283], [117.239138, 31.796274], [117.239206, 31.796985], [117.239847, 31.798346], [117.246369, 31.806773], [117.247995, 31.808824], [117.253063, 31.814803], [117.255474, 31.817531], [117.257122, 31.819734], [117.257272, 31.820614], [117.258417, 31.821421], [117.262628, 31.82689], [117.263391, 31.827939], [117.26407, 31.829322], [117.264374, 31.830478], [117.265024, 31.831373], [117.26475, 31.832127], [117.265107, 31.833074], [117.265007, 31.834193], [117.265369, 31.835953], [117.266211, 31.837893], [117.272627, 31.846923], [117.272998, 31.8472], [117.273763, 31.848511], [117.276155, 31.851883], [117.276536, 31.85274], [117.276613, 31.853691], [117.277743, 31.853556], [117.291656, 31.856723], [117.298393, 31.860151], [117.300016, 31.86272], [117.303007, 31.861935], [117.304021, 31.861344], [117.304936, 31.860334], [117.305457, 31.859274], [117.30563, 31.858065], [117.30548, 31.856856], [117.304565, 31.854485], [117.304812, 31.853425], [117.30553, 31.85234], [117.307853, 31.850371], [117.309561, 31.849264], [117.311241, 31.848355], [117.316757, 31.84681], [117.317921, 31.846171], [117.321358, 31.843661], [117.322001, 31.843539], [117.323041, 31.843713], [117.324228, 31.84448], [117.325638, 31.845914], [117.326825, 31.846359], [117.327445, 31.846189], [117.328855, 31.844712], [117.33014, 31.843751], [117.331353, 31.843237], [117.333902, 31.842747], [117.335657, 31.841689], [117.338132, 31.839819], [117.33855, 31.839203], [117.33912, 31.83607], [117.340159, 31.834741], [117.34622, 31.832605], [117.348395, 31.831254], [117.350277, 31.829947], [117.352083, 31.827782], [117.353886, 31.82761], [117.356584, 31.827912], [117.358139, 31.827224], [117.361035, 31.824515], [117.361802, 31.824294], [117.363508, 31.824345], [117.365362, 31.825261], [117.366697, 31.825683], [117.367959, 31.825857], [117.37016, 31.825688], [117.371568, 31.82495], [117.372335, 31.823914], [117.372755, 31.82231], [117.372802, 31.821498], [117.372431, 31.819154], [117.372654, 31.81829], [117.3731, 31.817624], [117.374039, 31.816787], [117.375102, 31.816369], [117.376214, 31.816198], [117.378141, 31.816126], [117.379956, 31.816259], [117.380766, 31.814693], [117.381051, 31.813303], [117.380766, 31.811807], [117.380264, 31.810236], [117.379741, 31.807797], [117.380224, 31.804888], [117.380907, 31.803284], [117.381893, 31.802401], [117.383983, 31.801941], [117.385549, 31.802004], [117.388241, 31.802329], [117.39027, 31.802388], [117.392379, 31.801828], [117.393766, 31.801147], [117.395071, 31.800307], [117.396858, 31.798621], [117.397702, 31.7981], [117.401155, 31.796658], [117.402561, 31.796175], [117.404468, 31.795956], [117.405891, 31.795656], [117.407138, 31.795132], [117.408561, 31.794311], [117.409586, 31.793347], [117.410629, 31.792144], [117.411491, 31.79072], [117.41229, 31.788655], [117.412957, 31.787822], [117.41399, 31.786894], [117.414883, 31.786501], [117.416844, 31.786], [117.417772, 31.785928], [117.419911, 31.786034], [117.421728, 31.785571], [117.423545, 31.78475], [117.42433, 31.783928], [117.426861, 31.780039], [117.427574, 31.778147], [117.427645, 31.776615], [117.427574, 31.775258], [117.427787, 31.774046], [117.428286, 31.773475], [117.429285, 31.772831], [117.43021, 31.772508], [117.431138, 31.771937], [117.431743, 31.77126], [117.432064, 31.770474], [117.432206, 31.768122], [117.432101, 31.764876], [117.431884, 31.763341], [117.431243, 31.761665], [117.430425, 31.760561], [117.429567, 31.759778], [117.427928, 31.758708], [117.425363, 31.757534], [117.421405, 31.755967], [117.419339, 31.755289], [117.418053, 31.754648], [117.416947, 31.753828], [117.416411, 31.753045], [117.415485, 31.751153], [117.414307, 31.747908], [117.413593, 31.746732], [117.411026, 31.742879], [117.409241, 31.740811], [117.408278, 31.739456], [117.405743, 31.732215], [117.4051, 31.730147], [117.404222, 31.727933], [117.402792, 31.725223], [117.401365, 31.723464], [117.400602, 31.722368], [117.400128, 31.721322], [117.399985, 31.720419], [117.400413, 31.718897], [117.401412, 31.717708], [117.404219, 31.716188], [117.40744, 31.714607], [117.409262, 31.712572], [117.411021, 31.707247], [117.412402, 31.704313], [117.413083, 31.701755], [117.412633, 31.700201], [117.410106, 31.696182], [117.409361, 31.695868], [117.408651, 31.693862], [117.408988, 31.69111], [117.408994, 31.687675], [117.408795, 31.678856], [117.409138, 31.675301], [117.409213, 31.666888], [117.409016, 31.664137], [117.408945, 31.659953], [117.409961, 31.652971], [117.41061, 31.636922], [117.299283, 31.656412], [117.297268, 31.657022], [117.296285, 31.657696], [117.296066, 31.658478], [117.296649, 31.660584], [117.296801, 31.661994], [117.296064, 31.662883], [117.294712, 31.663721], [117.29361, 31.66373], [117.28975, 31.662546], [117.285891, 31.660473], [117.284783, 31.66015], [117.284069, 31.660186], [117.280495, 31.658543], [117.279567, 31.657257], [117.279102, 31.656364], [117.278958, 31.655117], [117.279016, 31.650982], [117.278956, 31.64765], [117.278452, 31.646127], [117.277428, 31.645424], [117.276101, 31.645001], [117.274655, 31.645121], [117.270819, 31.64612], [117.268748, 31.646281], [117.266179, 31.645817], [117.265375, 31.645758], [117.26377, 31.646136], [117.262885, 31.646579], [117.260114, 31.648724], [117.25919, 31.649226], [117.256942, 31.650189], [117.255076, 31.650569], [117.254092, 31.650892], [117.253008, 31.651712], [117.252607, 31.652255], [117.252065, 31.65374], [117.252026, 31.655829], [117.251844, 31.657433], [117.25016, 31.660885], [117.249356, 31.662831], [117.249737, 31.665037], [117.249317, 31.666101], [117.248715, 31.666765], [117.247489, 31.667425], [117.246026, 31.667769], [117.244399, 31.667387], [117.242775, 31.667468], [117.241952, 31.667789], [117.240569, 31.669274], [117.240207, 31.670219], [117.240548, 31.670639], [117.240047, 31.672004], [117.239464, 31.672648], [117.237318, 31.673129], [117.236135, 31.67315], [117.234852, 31.673412], [117.233328, 31.673954], [117.232565, 31.674458], [117.230639, 31.676327], [117.226882, 31.679507], [117.22541, 31.68246], [117.22494, 31.685411], [117.224201, 31.687829], [117.222527, 31.690312], [117.220382, 31.693803], [117.218772, 31.697427], [117.217902, 31.699643], [117.217935, 31.701342], [117.218367, 31.703929], [117.221578, 31.705853], [117.22629, 31.707134], [117.227576, 31.710564], [117.226787, 31.718452]]]]}}, {"type": "Feature", "properties": {"adcode": 340121, "name": "长丰县", "center": [117.164699, 32.478548], "centroid": [117.197233, 32.233388], "childrenNum": 0, "level": "district", "acroutes": [100000, 340000, 340100], "parent": {"adcode": 340100}}, "geometry": {"type": "MultiPolygon", "coordinates": [[[[117.294958, 31.934734], [117.290091, 31.936284], [117.287082, 31.936994], [117.286634, 31.944048], [117.286027, 31.948854], [117.285486, 31.949999], [117.282313, 31.952167], [117.279677, 31.955081], [117.277115, 31.956734], [117.275837, 31.957138], [117.272603, 31.957077], [117.268371, 31.955062], [117.262399, 31.953287], [117.258344, 31.951824], [117.255909, 31.952013], [117.252918, 31.952742], [117.250547, 31.952185], [117.249334, 31.951377], [117.247631, 31.949332], [117.244962, 31.939713], [117.241864, 31.93144], [117.2399, 31.929915], [117.237595, 31.932322], [117.232294, 31.934336], [117.22991, 31.936357], [117.229644, 31.937484], [117.230321, 31.94035], [117.225155, 31.942376], [117.223882, 31.942603], [117.220452, 31.942144], [117.199586, 31.936131], [117.195023, 31.934875], [117.193889, 31.934245], [117.192951, 31.932475], [117.189881, 31.927894], [117.18787, 31.926351], [117.185653, 31.926284], [117.183908, 31.927092], [117.183232, 31.927888], [117.182616, 31.931391], [117.183082, 31.933675], [117.183143, 31.935965], [117.183605, 31.937686], [117.183185, 31.94106], [117.182107, 31.943411], [117.180628, 31.944783], [117.174842, 31.949258], [117.172752, 31.95052], [117.170932, 31.953501], [117.169785, 31.954585], [117.166556, 31.956703], [117.164391, 31.957009], [117.163611, 31.954224], [117.162739, 31.953207], [117.156524, 31.949166], [117.152264, 31.946577], [117.150295, 31.946062], [117.142433, 31.945983], [117.139461, 31.946675], [117.137226, 31.94785], [117.133437, 31.94946], [117.126499, 31.951518], [117.123797, 31.954101], [117.122682, 31.954768], [117.117615, 31.956936], [117.114904, 31.957676], [117.112244, 31.957872], [117.11069, 31.958925], [117.108689, 31.959452], [117.105091, 31.961184], [117.103374, 31.962837], [117.098895, 31.964074], [117.097467, 31.963449], [117.095232, 31.961209], [117.095321, 31.959868], [117.094765, 31.958362], [117.093104, 31.955742], [117.089138, 31.955724], [117.086502, 31.956997], [117.082947, 31.957493], [117.078929, 31.957309], [117.077445, 31.95797], [117.076046, 31.959293], [117.073101, 31.960425], [117.06921, 31.962537], [117.067381, 31.962892], [117.067297, 31.965916], [117.068627, 31.970103], [117.070367, 31.973666], [117.070768, 31.974982], [117.072705, 31.978942], [117.073899, 31.983232], [117.073951, 31.985986], [117.073269, 31.987302], [117.071916, 31.987865], [117.068533, 31.987474], [117.064133, 31.988214], [117.061581, 31.990362], [117.05768, 31.993245], [117.054106, 31.994744], [117.047672, 31.994872], [117.046473, 31.995203], [117.044462, 31.998061], [117.04169, 32.001084], [117.038993, 32.002681], [117.035209, 32.004278], [117.032508, 32.006334], [117.029946, 32.007019], [117.031299, 32.009546], [117.032918, 32.011155], [117.035629, 32.015285], [117.038877, 32.021941], [117.040771, 32.024241], [117.04456, 32.033191], [117.045381, 32.035717], [117.045927, 32.039161], [117.046739, 32.041222], [117.047019, 32.045809], [117.047019, 32.051773], [117.045675, 32.054757], [117.041088, 32.058873], [117.038928, 32.060475], [117.036217, 32.061845], [117.033245, 32.062988], [117.030543, 32.064584], [117.025691, 32.070307], [117.02353, 32.074435], [117.02353, 32.076721], [117.022182, 32.081998], [117.02165, 32.08635], [117.021099, 32.088184], [117.020847, 32.092317], [117.020301, 32.095526], [117.019499, 32.098045], [117.016797, 32.104004], [117.015174, 32.108582], [117.010312, 32.114993], [117.006798, 32.116821], [117.001932, 32.116809], [116.997588, 32.117713], [116.990024, 32.122046], [116.988932, 32.124344], [116.987584, 32.126403], [116.98596, 32.12823], [116.984882, 32.130748], [116.98407, 32.133497], [116.982993, 32.135098], [116.981635, 32.139461], [116.981639, 32.14221], [116.981103, 32.144501], [116.979213, 32.148167], [116.978401, 32.152297], [116.978672, 32.157801], [116.9803, 32.160788], [116.983272, 32.161942], [116.988965, 32.161728], [116.995735, 32.160598], [116.998437, 32.160378], [117.00168, 32.160617], [117.007381, 32.162009], [117.014964, 32.165925], [117.019028, 32.168924], [117.01984, 32.170756], [117.022275, 32.173975], [117.024454, 32.177645], [117.025266, 32.18178], [117.024725, 32.184528], [117.025439, 32.187392], [117.025313, 32.190891], [117.011669, 32.197547], [117.004414, 32.202902], [117.003625, 32.210625], [117.003079, 32.212463], [117.003901, 32.214526], [117.006341, 32.217743], [117.008772, 32.220045], [117.011222, 32.221882], [117.013652, 32.22281], [117.017451, 32.222822], [117.019616, 32.222596], [117.023955, 32.223066], [117.029097, 32.222847], [117.031803, 32.223085], [117.034514, 32.222859], [117.040477, 32.223561], [117.047252, 32.225178], [117.050509, 32.227016], [117.055926, 32.231386], [117.057545, 32.232991], [117.059719, 32.234603], [117.06243, 32.238277], [117.064334, 32.242866], [117.065692, 32.250208], [117.06732, 32.255944], [117.069219, 32.258696], [117.070857, 32.262137], [117.071403, 32.264438], [117.07221, 32.266274], [117.071142, 32.271777], [117.070064, 32.275444], [117.067367, 32.280032], [117.064661, 32.282783], [117.061418, 32.284613], [117.05762, 32.284149], [117.052734, 32.280477], [117.04623, 32.276335], [117.04407, 32.275407], [117.04163, 32.275639], [117.03973, 32.278159], [117.038382, 32.281136], [117.036231, 32.289164], [117.03569, 32.294665], [117.036231, 32.297422], [117.03813, 32.302704], [117.039222, 32.30454], [117.041667, 32.306613], [117.044924, 32.310285], [117.046016, 32.313499], [117.047373, 32.318316], [117.047644, 32.320158], [117.050873, 32.321694], [117.057316, 32.328127], [117.059225, 32.331224], [117.058268, 32.333364], [117.055646, 32.334547], [117.052067, 32.335486], [117.049921, 32.334773], [117.047299, 32.332389], [117.043323, 32.332998], [117.042245, 32.335748], [117.040346, 32.337809], [117.037915, 32.342162], [117.039413, 32.343783], [117.042045, 32.345222], [117.04372, 32.347843], [117.043006, 32.352598], [117.043006, 32.357828], [117.043953, 32.361637], [117.044905, 32.366397], [117.045866, 32.369731], [117.046109, 32.373771], [117.045628, 32.381145], [117.045026, 32.3841], [117.044532, 32.384843], [117.042292, 32.38541], [117.034612, 32.383722], [117.023857, 32.382705], [117.017689, 32.383107], [117.004582, 32.386221], [117.006878, 32.389097], [117.007792, 32.393142], [117.008268, 32.397572], [117.007339, 32.400776], [117.0074, 32.401769], [117.009047, 32.404365], [117.011562, 32.405199], [117.015617, 32.40604], [117.017385, 32.407246], [117.019821, 32.41006], [117.023269, 32.411193], [117.026591, 32.41377], [117.030772, 32.414727], [117.033529, 32.414373], [117.035251, 32.414538], [117.037892, 32.416012], [117.039255, 32.415732], [117.040281, 32.416913], [117.040594, 32.418168], [117.041583, 32.419301], [117.041228, 32.421], [117.04225, 32.421957], [117.043697, 32.421823], [117.044317, 32.423108], [117.046123, 32.425532], [117.046533, 32.427944], [117.047205, 32.428303], [117.048353, 32.430593], [117.047765, 32.432292], [117.047831, 32.433833], [117.048969, 32.435916], [117.047677, 32.438851], [117.048414, 32.4408], [117.050514, 32.441658], [117.051862, 32.443351], [117.052081, 32.444642], [117.053803, 32.445903], [117.055413, 32.448558], [117.05706, 32.450141], [117.057862, 32.450378], [117.059915, 32.453112], [117.064175, 32.457697], [117.066998, 32.461429], [117.070792, 32.469142], [117.069257, 32.470372], [117.069275, 32.474688], [117.067815, 32.475881], [117.068207, 32.477768], [117.067941, 32.481244], [117.068109, 32.482784], [117.071165, 32.486795], [117.071417, 32.489035], [117.073517, 32.490106], [117.074674, 32.491731], [117.074888, 32.495024], [117.074501, 32.498103], [117.075318, 32.499819], [117.076647, 32.501103], [117.078467, 32.502065], [117.079582, 32.511564], [117.078812, 32.513401], [117.07654, 32.515579], [117.07354, 32.516559], [117.074506, 32.520946], [117.07549, 32.523173], [117.078407, 32.525101], [117.083441, 32.527687], [117.084575, 32.528727], [117.084869, 32.530479], [117.088256, 32.530327], [117.091886, 32.531191], [117.093384, 32.532158], [117.094583, 32.531994], [117.095923, 32.530102], [117.098228, 32.52967], [117.100005, 32.530449], [117.101097, 32.530151], [117.102068, 32.529013], [117.103472, 32.529025], [117.10545, 32.53085], [117.106752, 32.530382], [117.110676, 32.527851], [117.113886, 32.524402], [117.114764, 32.522406], [117.115832, 32.521931], [117.117526, 32.52341], [117.120106, 32.523848], [117.121669, 32.524511], [117.124875, 32.524377], [117.12767, 32.524596], [117.129041, 32.523221], [117.132079, 32.52324], [117.13451, 32.522534], [117.135718, 32.521201], [117.137837, 32.521067], [117.139428, 32.52027], [117.140254, 32.521165], [117.14171, 32.521518], [117.142965, 32.521159], [117.143492, 32.521828], [117.147248, 32.524164], [117.150752, 32.526628], [117.151447, 32.528028], [117.152581, 32.528788], [117.155297, 32.533399], [117.155535, 32.534598], [117.157793, 32.535851], [117.160649, 32.53576], [117.165604, 32.534318], [117.167097, 32.534306], [117.168459, 32.535595], [117.169449, 32.535924], [117.173303, 32.536039], [117.175514, 32.536483], [117.179242, 32.536642], [117.179574, 32.534135], [117.181085, 32.533436], [117.183997, 32.533351], [117.185513, 32.534044], [117.201098, 32.53405], [117.200962, 32.533387], [117.201518, 32.529999], [117.202264, 32.528119], [117.207079, 32.520447], [117.211209, 32.516218], [117.211489, 32.51387], [117.211092, 32.51146], [117.210962, 32.508649], [117.210388, 32.507103], [117.209641, 32.49394], [117.2105, 32.482516], [117.211573, 32.476271], [117.209422, 32.474329], [117.209035, 32.472539], [117.213393, 32.468174], [117.215012, 32.464917], [117.217657, 32.463542], [117.220751, 32.462835], [117.224274, 32.462567], [117.233087, 32.462397], [117.236816, 32.46202], [117.238976, 32.461161], [117.242863, 32.460266], [117.244939, 32.46012], [117.250039, 32.458403], [117.258102, 32.455328], [117.266892, 32.451444], [117.28006, 32.444435], [117.282929, 32.442724], [117.29032, 32.44284], [117.293026, 32.443772], [117.303828, 32.450725], [117.305988, 32.451194], [117.308438, 32.451212], [117.313328, 32.448722], [117.316333, 32.446445], [117.317966, 32.444849], [117.32014, 32.443254], [117.327209, 32.441695], [117.329645, 32.442627], [117.332892, 32.443102], [117.340474, 32.445909], [117.343717, 32.44776], [117.350758, 32.450786], [117.358065, 32.453587], [117.365097, 32.455919], [117.368349, 32.457313], [117.371326, 32.458939], [117.378082, 32.463103], [117.380933, 32.464363], [117.382664, 32.466245], [117.384792, 32.469453], [117.388132, 32.473842], [117.391818, 32.477001], [117.394058, 32.478286], [117.397082, 32.477531], [117.398873, 32.475759], [117.400073, 32.473872], [117.40409, 32.471395], [117.406227, 32.469538], [117.408308, 32.468588], [117.408649, 32.467103], [117.407781, 32.465612], [117.404794, 32.462628], [117.401841, 32.459316], [117.399363, 32.457015], [117.397427, 32.455962], [117.39375, 32.452802], [117.391613, 32.450074], [117.389709, 32.446317], [117.387596, 32.442627], [117.384311, 32.43499], [117.382314, 32.431001], [117.382379, 32.416999], [117.382939, 32.414245], [117.382417, 32.409195], [117.381077, 32.40621], [117.380284, 32.402762], [117.377326, 32.398388], [117.373005, 32.395835], [117.37084, 32.394221], [117.366795, 32.392594], [117.363818, 32.390967], [117.361382, 32.389121], [117.359777, 32.387275], [117.359236, 32.384978], [117.362507, 32.38293], [117.369553, 32.38251], [117.373612, 32.383223], [117.379561, 32.383942], [117.38335, 32.385106], [117.389565, 32.387659], [117.392546, 32.388134], [117.395257, 32.38608], [117.397436, 32.382875], [117.399611, 32.381053], [117.400973, 32.378988], [117.405322, 32.375106], [117.410193, 32.37329], [117.416427, 32.37148], [117.41967, 32.371254], [117.423183, 32.370578], [117.42643, 32.370358], [117.430219, 32.369682], [117.43265, 32.368311], [117.437339, 32.368262], [117.441707, 32.366513], [117.442869, 32.363008], [117.444618, 32.35631], [117.444992, 32.352872], [117.444903, 32.343484], [117.442285, 32.341448], [117.437335, 32.340296], [117.430648, 32.33943], [117.426566, 32.337687], [117.423346, 32.334553], [117.421205, 32.331334], [117.41932, 32.328121], [117.4161, 32.324212], [117.41261, 32.319609], [117.409656, 32.314547], [117.407253, 32.309949], [117.406992, 32.307888], [117.406194, 32.304668], [117.404319, 32.302137], [117.401104, 32.295702], [117.397618, 32.290182], [117.39682, 32.288114], [117.395752, 32.283747], [117.398757, 32.278714], [117.401743, 32.274596], [117.404193, 32.271625], [117.405032, 32.269459], [117.405345, 32.265634], [117.404253, 32.261967], [117.402891, 32.259678], [117.399625, 32.255096], [117.397996, 32.253723], [117.392028, 32.250299], [117.385538, 32.248255], [117.383644, 32.24734], [117.380671, 32.246882], [117.373626, 32.245295], [117.369842, 32.244618], [117.367677, 32.244618], [117.364971, 32.243934], [117.362806, 32.244166], [117.358742, 32.24211], [117.356026, 32.240504], [117.354402, 32.239131], [117.351957, 32.23799], [117.349778, 32.235695], [117.346787, 32.232027], [117.344879, 32.229048], [117.343241, 32.226985], [117.342975, 32.22469], [117.341879, 32.222169], [117.34158, 32.21919], [117.341832, 32.215057], [117.341547, 32.210008], [117.342056, 32.203818], [117.34472, 32.194866], [117.345798, 32.193035], [117.346591, 32.1905], [117.348472, 32.187984], [117.351439, 32.18614], [117.358191, 32.184986], [117.361975, 32.183606], [117.364131, 32.181536], [117.364653, 32.179245], [117.367341, 32.175337], [117.370294, 32.171428], [117.374876, 32.171422], [117.377312, 32.171648], [117.382174, 32.171636], [117.385137, 32.171171], [117.387031, 32.169559], [117.386196, 32.16612], [117.382678, 32.162461], [117.378329, 32.159028], [117.370756, 32.154911], [117.36777, 32.153543], [117.361821, 32.151948], [117.35911, 32.150574], [117.356133, 32.149431], [117.354234, 32.147825], [117.352335, 32.146914], [117.351789, 32.145075], [117.356087, 32.140255], [117.35743, 32.137499], [117.357678, 32.134059], [117.356861, 32.132226], [117.354967, 32.130851], [117.352526, 32.130399], [117.350361, 32.129483], [117.347385, 32.129024], [117.343601, 32.128114], [117.337927, 32.12743], [117.333601, 32.127436], [117.327106, 32.126067], [117.326831, 32.124001], [117.327358, 32.120561], [117.327074, 32.117805], [117.325977, 32.114822], [117.323808, 32.111846], [117.322982, 32.109554], [117.321624, 32.10772], [117.321335, 32.104047], [117.322408, 32.101297], [117.327802, 32.098766], [117.332118, 32.098534], [117.334553, 32.098766], [117.338062, 32.099444], [117.342658, 32.09898], [117.345355, 32.09714], [117.346955, 32.09508], [117.348024, 32.092097], [117.348015, 32.089114], [117.346652, 32.086595], [117.342854, 32.084302], [117.339611, 32.081784], [117.335822, 32.080182], [117.333657, 32.079723], [117.330139, 32.07858], [117.328506, 32.076746], [117.326336, 32.073768], [117.325781, 32.070784], [117.328991, 32.063441], [117.332482, 32.059081], [117.323392, 32.056518], [117.319445, 32.053754], [117.316263, 32.051002], [117.316053, 32.047748], [117.313207, 32.045284], [117.314518, 32.040433], [117.312647, 32.034029], [117.305195, 32.030616], [117.303786, 32.026376], [117.302965, 32.023189], [117.303567, 32.018882], [117.303333, 32.013761], [117.300674, 32.00932], [117.304192, 32.005716], [117.3089, 32.003654], [117.313151, 32.001487], [117.315833, 31.996451], [117.314816, 31.993343], [117.310006, 31.989554], [117.309147, 31.985478], [117.308974, 31.98038], [117.310365, 31.976292], [117.309077, 31.971156], [117.306572, 31.969461], [117.30331, 31.965237], [117.302969, 31.960725], [117.301938, 31.958827], [117.30108, 31.951401], [117.30108, 31.949215], [117.300049, 31.946013], [117.299708, 31.942952], [117.297991, 31.939149], [117.297062, 31.938684], [117.29646, 31.937447], [117.297515, 31.93648], [117.29745, 31.935702], [117.296334, 31.935083], [117.295373, 31.935598], [117.294958, 31.934734]]]]}}, {"type": "Feature", "properties": {"adcode": 340122, "name": "肥东县", "center": [117.463222, 31.883992], "centroid": [117.574021, 32.000395], "childrenNum": 0, "level": "district", "acroutes": [100000, 340000, 340100], "parent": {"adcode": 340100}}, "geometry": {"type": "MultiPolygon", "coordinates": [[[[117.810933, 32.002257], [117.804579, 31.997917], [117.795869, 31.992386], [117.788788, 31.988153], [117.780563, 31.981423], [117.778629, 31.97916], [117.775343, 31.976926], [117.771013, 31.975621], [117.766959, 31.974997], [117.761857, 31.975309], [117.756518, 31.977685], [117.751913, 31.976607], [117.745886, 31.971891], [117.742616, 31.969876], [117.739324, 31.967408], [117.738568, 31.957569], [117.737142, 31.953696], [117.735202, 31.951887], [117.732169, 31.948269], [117.728325, 31.944891], [117.724158, 31.93945], [117.722439, 31.934894], [117.719068, 31.928756], [117.716812, 31.9242], [117.713441, 31.918069], [117.711722, 31.913051], [117.709737, 31.908722], [117.708627, 31.906905], [117.697165, 31.900878], [117.692492, 31.896584], [117.68943, 31.892041], [117.687164, 31.886802], [117.68368, 31.875626], [117.681712, 31.871757], [117.680044, 31.86903], [117.678347, 31.86538], [117.676407, 31.863115], [117.672788, 31.857896], [117.669563, 31.852313], [117.665656, 31.846206], [117.651354, 31.823525], [117.650006, 31.822466], [117.644307, 31.821123], [117.642711, 31.820228], [117.6408, 31.818026], [117.638911, 31.809144], [117.638505, 31.802842], [117.638624, 31.799033], [117.638043, 31.794201], [117.636346, 31.790328], [117.633843, 31.786923], [117.627332, 31.784038], [117.622991, 31.782723], [117.619394, 31.777499], [117.618261, 31.774997], [117.612454, 31.76683], [117.606732, 31.763702], [117.599978, 31.761505], [117.593179, 31.758398], [117.588291, 31.755263], [117.582557, 31.75077], [117.577388, 31.747414], [117.572477, 31.743134], [117.570786, 31.739031], [117.570972, 31.735369], [117.571451, 31.732147], [117.574276, 31.725918], [117.572066, 31.722746], [117.569337, 31.720498], [117.568717, 31.71638], [117.571034, 31.711537], [117.572049, 31.708542], [117.570904, 31.704665], [117.568198, 31.70379], [117.56525, 31.703833], [117.56207, 31.705718], [117.557616, 31.710598], [117.554972, 31.712476], [117.55124, 31.713685], [117.548528, 31.712355], [117.547649, 31.708471], [117.54943, 31.703627], [117.552035, 31.699465], [117.552762, 31.695787], [117.551917, 31.693276], [117.548579, 31.687378], [117.545315, 31.685137], [117.543652, 31.682419], [117.543336, 31.6799], [117.541904, 31.674884], [117.540241, 31.672386], [117.534513, 31.666758], [117.531243, 31.664288], [117.520024, 31.651641], [117.514285, 31.645556], [117.50549, 31.633782], [117.496701, 31.621786], [117.491763, 31.615222], [117.487394, 31.610479], [117.481942, 31.605068], [117.476479, 31.5992], [117.472894, 31.594215], [117.469319, 31.588773], [117.468998, 31.586031], [117.464353, 31.580832], [117.459752, 31.577926], [117.454921, 31.577085], [117.451437, 31.577363], [117.448223, 31.577185], [117.444993, 31.57586], [117.44254, 31.574065], [117.440353, 31.572027], [117.437185, 31.572049], [117.436705, 31.568572], [117.432849, 31.56588], [117.428756, 31.559753], [117.425436, 31.561591], [117.423688, 31.563372], [117.421952, 31.565659], [117.420204, 31.569093], [117.417853, 31.576266], [117.417385, 31.578837], [117.416241, 31.586914], [117.415835, 31.592242], [117.412604, 31.615442], [117.410851, 31.63097], [117.40996, 31.652972], [117.408946, 31.659954], [117.409216, 31.666886], [117.409137, 31.675304], [117.408793, 31.678855], [117.408985, 31.691113], [117.408652, 31.69386], [117.409357, 31.695866], [117.410107, 31.696179], [117.412633, 31.700198], [117.413084, 31.701756], [117.412401, 31.704317], [117.41102, 31.707248], [117.409261, 31.712575], [117.40744, 31.714609], [117.401414, 31.71771], [117.400416, 31.718898], [117.399982, 31.72042], [117.400602, 31.722369], [117.402795, 31.725221], [117.404221, 31.727937], [117.408275, 31.739457], [117.411026, 31.742878], [117.414307, 31.747912], [117.415485, 31.751154], [117.416945, 31.753827], [117.419336, 31.755292], [117.425362, 31.757531], [117.429568, 31.759778], [117.431243, 31.761669], [117.431885, 31.763339], [117.432207, 31.768123], [117.432066, 31.770476], [117.431135, 31.771941], [117.429286, 31.772829], [117.427787, 31.774045], [117.427572, 31.778146], [117.426862, 31.780036], [117.424331, 31.783931], [117.423547, 31.784749], [117.419911, 31.786035], [117.416844, 31.785999], [117.413991, 31.786895], [117.412289, 31.78865], [117.410631, 31.792147], [117.408562, 31.794314], [117.40589, 31.795658], [117.402558, 31.796176], [117.397704, 31.798102], [117.395071, 31.800305], [117.392377, 31.801826], [117.390268, 31.802387], [117.383982, 31.801939], [117.38189, 31.802401], [117.38091, 31.803282], [117.380222, 31.804888], [117.379743, 31.807794], [117.38105, 31.813301], [117.379957, 31.816257], [117.379703, 31.818402], [117.380024, 31.821322], [117.381327, 31.824782], [117.384281, 31.828618], [117.388983, 31.832916], [117.389992, 31.833321], [117.392946, 31.833427], [117.399339, 31.832809], [117.400681, 31.83315], [117.403235, 31.834812], [117.404238, 31.836986], [117.403765, 31.841113], [117.402485, 31.843862], [117.400737, 31.845126], [117.396836, 31.846035], [117.391796, 31.847527], [117.388701, 31.847974], [117.387663, 31.849636], [117.38874, 31.853883], [117.388255, 31.855623], [117.389129, 31.85786], [117.392343, 31.859642], [117.397563, 31.859955], [117.39966, 31.86053], [117.404622, 31.860509], [117.407717, 31.861943], [117.409515, 31.863605], [117.414719, 31.864464], [117.415423, 31.867106], [117.410908, 31.86511], [117.4081, 31.864912], [117.407936, 31.863371], [117.406223, 31.863399], [117.406223, 31.864052], [117.404881, 31.864116], [117.405338, 31.866026], [117.405371, 31.8693], [117.41407, 31.870969], [117.413732, 31.871913], [117.412475, 31.871778], [117.412187, 31.873418], [117.410783, 31.873163], [117.410423, 31.873738], [117.407615, 31.874214], [117.406138, 31.874909], [117.405298, 31.876223], [117.404464, 31.878857], [117.405129, 31.880256], [117.407987, 31.88159], [117.408698, 31.88267], [117.40947, 31.886752], [117.409143, 31.889265], [117.40916, 31.892928], [117.408506, 31.902106], [117.409374, 31.908828], [117.41044, 31.912313], [117.411443, 31.914286], [117.415181, 31.916053], [117.425926, 31.918473], [117.428858, 31.921099], [117.42702, 31.928309], [117.423964, 31.936186], [117.423542, 31.940046], [117.419482, 31.946658], [117.415327, 31.955143], [117.412965, 31.958399], [117.408337, 31.959811], [117.40408, 31.960173], [117.400991, 31.961783], [117.397479, 31.969124], [117.397061, 31.974011], [117.397281, 31.975522], [117.396571, 31.97682], [117.395094, 31.978189], [117.393025, 31.97855], [117.385713, 31.978657], [117.383294, 31.977799], [117.382234, 31.976125], [117.381902, 31.977628], [117.380098, 31.981373], [117.380436, 31.983621], [117.383024, 31.992301], [117.386389, 31.99813], [117.385087, 32.0012], [117.380526, 32.005107], [117.375159, 32.010623], [117.373829, 32.013381], [117.374127, 32.018882], [117.374674, 32.021633], [117.374708, 32.027368], [117.375255, 32.029431], [117.377978, 32.034017], [117.382838, 32.036072], [117.384512, 32.036136], [117.385008, 32.03693], [117.387934, 32.037206], [117.389045, 32.036823], [117.390668, 32.037887], [117.391215, 32.040176], [117.38657, 32.043238], [117.385882, 32.04513], [117.386136, 32.047072], [117.383717, 32.049829], [117.378886, 32.05328], [117.376997, 32.054888], [117.374843, 32.055817], [117.371878, 32.056511], [117.366753, 32.056051], [117.364318, 32.05537], [117.361353, 32.055377], [117.355952, 32.054463], [117.350816, 32.052869], [117.347839, 32.052181], [117.340815, 32.052422], [117.338661, 32.052883], [117.336778, 32.054484], [117.3341, 32.057709], [117.332482, 32.059083], [117.328992, 32.063441], [117.325779, 32.070789], [117.326337, 32.073764], [117.328502, 32.076747], [117.330142, 32.078582], [117.333655, 32.079723], [117.335825, 32.080183], [117.339608, 32.081784], [117.342855, 32.084299], [117.34665, 32.086594], [117.348014, 32.089109], [117.348025, 32.092098], [117.346954, 32.095081], [117.345353, 32.097142], [117.342658, 32.098983], [117.338063, 32.099444], [117.334557, 32.098764], [117.332116, 32.09853], [117.327803, 32.098771], [117.322408, 32.101292], [117.321336, 32.104047], [117.321624, 32.107716], [117.322983, 32.10955], [117.323811, 32.111845], [117.325976, 32.114826], [117.32707, 32.117808], [117.327363, 32.120555], [117.326827, 32.123997], [117.327109, 32.126064], [117.333598, 32.127431], [117.337928, 32.127431], [117.3436, 32.128111], [117.347388, 32.129024], [117.350359, 32.129484], [117.35253, 32.130398], [117.354965, 32.130851], [117.356859, 32.132225], [117.357677, 32.134058], [117.357429, 32.137499], [117.356087, 32.140253], [117.351791, 32.145075], [117.352338, 32.146908], [117.354238, 32.147828], [117.356132, 32.149435], [117.359109, 32.150575], [117.36182, 32.151948], [117.367774, 32.153541], [117.370756, 32.154914], [117.378327, 32.159027], [117.38268, 32.16246], [117.386198, 32.166119], [117.387032, 32.169559], [117.385138, 32.171173], [117.382172, 32.171633], [117.377313, 32.171647], [117.374877, 32.17142], [117.370294, 32.171427], [117.36734, 32.175334], [117.364651, 32.17924], [117.364132, 32.181533], [117.361973, 32.183607], [117.35819, 32.184986], [117.351436, 32.18614], [117.34847, 32.187987], [117.346593, 32.190506], [117.345798, 32.193032], [117.344721, 32.194872], [117.34206, 32.203815], [117.341547, 32.210012], [117.341835, 32.215056], [117.341581, 32.219187], [117.341874, 32.222165], [117.342974, 32.22469], [117.343244, 32.226982], [117.344879, 32.229047], [117.346785, 32.232032], [117.349778, 32.235695], [117.351955, 32.237987], [117.354401, 32.239132], [117.356031, 32.240504], [117.358742, 32.242109], [117.362807, 32.244167], [117.364972, 32.243934], [117.367678, 32.24462], [117.369843, 32.24462], [117.383644, 32.247335], [117.385538, 32.248255], [117.392027, 32.250305], [117.395827, 32.252356], [117.399621, 32.2551], [117.402891, 32.259674], [117.404249, 32.261965], [117.405349, 32.265627], [117.405033, 32.269459], [117.408263, 32.267614], [117.411781, 32.267826], [117.414741, 32.267126], [117.418513, 32.265507], [117.423891, 32.261809], [117.425233, 32.259512], [117.42574, 32.254923], [117.425723, 32.252172], [117.425171, 32.249188], [117.425966, 32.24735], [117.426225, 32.244825], [117.427285, 32.242527], [117.429974, 32.240221], [117.435347, 32.236756], [117.442072, 32.235349], [117.445309, 32.234868], [117.449074, 32.233927], [117.451482, 32.232993], [117.454436, 32.230681], [117.456866, 32.22998], [117.460344, 32.227894], [117.468665, 32.22348], [117.470266, 32.222094], [117.473209, 32.218868], [117.477235, 32.216548], [117.48232, 32.212382], [117.492772, 32.206567], [117.495991, 32.204939], [117.498122, 32.203546], [117.500817, 32.203072], [117.503765, 32.20305], [117.508349, 32.204621], [117.512132, 32.206192], [117.515903, 32.207316], [117.518863, 32.207748], [117.526931, 32.209297], [117.530167, 32.210649], [117.535291, 32.211299], [117.537704, 32.211971], [117.54014, 32.212184], [117.543105, 32.213535], [117.546335, 32.21374], [117.549842, 32.214638], [117.553884, 32.215982], [117.55632, 32.2178], [117.558214, 32.218706], [117.56335, 32.221882], [117.566332, 32.224619], [117.570386, 32.226883], [117.573103, 32.228934], [117.57608, 32.230744], [117.585821, 32.235504], [117.588522, 32.236636], [117.591493, 32.237074], [117.59394, 32.239132], [117.596133, 32.240016], [117.597632, 32.240016], [117.605435, 32.238927], [117.613903, 32.250192], [117.622562, 32.250008], [117.631983, 32.256903], [117.631729, 32.248884], [117.644752, 32.258225], [117.652419, 32.260813], [117.662155, 32.260381], [117.672202, 32.261081], [117.672523, 32.254202], [117.673228, 32.25097], [117.676994, 32.250921], [117.680506, 32.250221], [117.687006, 32.250652], [117.692672, 32.249938], [117.697255, 32.248771], [117.703186, 32.245766], [117.707493, 32.243913], [117.708559, 32.241841], [117.71202, 32.236551], [117.714732, 32.236537], [117.717173, 32.237902], [117.719885, 32.238807], [117.722337, 32.241317], [117.727501, 32.244273], [117.729136, 32.245638], [117.734543, 32.247215], [117.741302, 32.24718], [117.74561, 32.245546], [117.748569, 32.244613], [117.757437, 32.24066], [117.762827, 32.240391], [117.770911, 32.239189], [117.774503, 32.23752], [117.776335, 32.234931], [117.778409, 32.234316], [117.781629, 32.231996], [117.786161, 32.226458], [117.787216, 32.224838], [117.789087, 32.223452], [117.791472, 32.21976], [117.794415, 32.218133], [117.796574, 32.217885], [117.799545, 32.218317], [117.803052, 32.219208], [117.807376, 32.221231], [117.809281, 32.222823], [117.811176, 32.223954], [117.814158, 32.226444], [117.81661, 32.228035], [117.819863, 32.230525], [117.822282, 32.230511], [117.824593, 32.229344], [117.829222, 32.224704], [117.831358, 32.223318], [117.833224, 32.221691], [117.838056, 32.219816], [117.840209, 32.219795], [117.843688, 32.218847], [117.847178, 32.21744], [117.851445, 32.213492], [117.853661, 32.210033], [117.855533, 32.207656], [117.859129, 32.201954], [117.860996, 32.200334], [117.862862, 32.197794], [117.863905, 32.195487], [117.864677, 32.192501], [117.865726, 32.189515], [117.865962, 32.186296], [117.866746, 32.183762], [117.867507, 32.179403], [117.867422, 32.171604], [117.86846, 32.168377], [117.869221, 32.164017], [117.870783, 32.15873], [117.871284, 32.155743], [117.870974, 32.151842], [117.872017, 32.148855], [117.873596, 32.145167], [117.872739, 32.141046], [117.86948, 32.137634], [117.859693, 32.128316], [117.857241, 32.12513], [117.855335, 32.12331], [117.853142, 32.118969], [117.852302, 32.116462], [117.85308, 32.113467], [117.85454, 32.110457], [117.85268, 32.109543], [117.851603, 32.105967], [117.854614, 32.10545], [117.858115, 32.102914], [117.859772, 32.105329], [117.860612, 32.104855], [117.862061, 32.108205], [117.867039, 32.106569], [117.867422, 32.103325], [117.866566, 32.10273], [117.86802, 32.100457], [117.868167, 32.097333], [117.865449, 32.097106], [117.86117, 32.094167], [117.858081, 32.093848], [117.862518, 32.090675], [117.864649, 32.088826], [117.866498, 32.085822], [117.867017, 32.083527], [117.867248, 32.080771], [117.868279, 32.075947], [117.871983, 32.07086], [117.874915, 32.068316], [117.882954, 32.065496], [117.885097, 32.0641], [117.880744, 32.060238], [117.878856, 32.059112], [117.875045, 32.055016], [117.871792, 32.052748], [117.869638, 32.051621], [117.864203, 32.047079], [117.861509, 32.04642], [117.855042, 32.044414], [117.850735, 32.043762], [117.845881, 32.04243], [117.842391, 32.041778], [117.839956, 32.04019], [117.837255, 32.038843], [117.834538, 32.036108], [117.833439, 32.033825], [117.833405, 32.029934], [117.833647, 32.027403], [117.835479, 32.022803], [117.835722, 32.020967], [117.832988, 32.015253], [117.828399, 32.013693], [117.825704, 32.012566], [117.823274, 32.011212], [117.82165, 32.00985], [117.810933, 32.002257]]]]}}, {"type": "Feature", "properties": {"adcode": 340123, "name": "肥西县", "center": [117.166118, 31.719646], "centroid": [117.003754, 31.685854], "childrenNum": 0, "level": "district", "acroutes": [100000, 340000, 340100], "parent": {"adcode": 340100}}, "geometry": {"type": "MultiPolygon", "coordinates": [[[[116.855807, 31.958059], [116.856527, 31.950011], [116.856875, 31.948811], [116.859966, 31.946224], [116.860952, 31.943169], [116.862412, 31.940912], [116.866445, 31.938433], [116.867994, 31.936795], [116.868461, 31.935486], [116.870226, 31.934574], [116.871812, 31.933152], [116.872027, 31.931843], [116.874473, 31.930384], [116.877179, 31.92689], [116.879025, 31.920732], [116.883272, 31.918948], [116.888676, 31.91567], [116.892761, 31.915124], [116.892546, 31.913774], [116.892672, 31.907217], [116.896623, 31.903758], [116.900996, 31.900403], [116.900826, 31.89614], [116.905763, 31.893552], [116.909536, 31.892098], [116.913398, 31.889252], [116.920314, 31.884808], [116.924177, 31.887798], [116.92666, 31.888453], [116.932353, 31.886569], [116.930211, 31.885363], [116.927216, 31.882351], [116.926786, 31.880869], [116.926719, 31.876903], [116.928002, 31.873434], [116.928743, 31.869161], [116.92772, 31.864047], [116.925066, 31.860997], [116.923005, 31.858078], [116.922798, 31.856018], [116.923206, 31.85417], [116.924021, 31.85276], [116.927727, 31.84774], [116.929091, 31.846182], [116.929788, 31.844085], [116.929936, 31.841794], [116.929203, 31.839412], [116.927171, 31.838224], [116.91603, 31.835277], [116.90832, 31.834455], [116.899721, 31.833058], [116.896615, 31.833], [116.894607, 31.832638], [116.893717, 31.832064], [116.893339, 31.829637], [116.895874, 31.826722], [116.898469, 31.825696], [116.901375, 31.822935], [116.903598, 31.816543], [116.904629, 31.815775], [116.911211, 31.812303], [116.914569, 31.809496], [116.917171, 31.804017], [116.920833, 31.795016], [116.92285, 31.793958], [116.925615, 31.794722], [116.929988, 31.799207], [116.931419, 31.800297], [116.933346, 31.800862], [116.936104, 31.800107], [116.93944, 31.798633], [116.944362, 31.795482], [116.946779, 31.794767], [116.952368, 31.793732], [116.956979, 31.791562], [116.957446, 31.790092], [116.95732, 31.787072], [116.956875, 31.784178], [116.957208, 31.782627], [116.961226, 31.776636], [116.96196, 31.774664], [116.961293, 31.774067], [116.957179, 31.772769], [116.953658, 31.770092], [116.952798, 31.768279], [116.952679, 31.766773], [116.954303, 31.76538], [116.957853, 31.765972], [116.9607, 31.767302], [116.965422, 31.768062], [116.968743, 31.767921], [116.977246, 31.767076], [116.97981, 31.767293], [116.987675, 31.769735], [116.991708, 31.770477], [116.995733, 31.770454], [117.005363, 31.769409], [117.008024, 31.770187], [117.015125, 31.777355], [117.017349, 31.780593], [117.018602, 31.781226], [117.021767, 31.781578], [117.024829, 31.781275], [117.028839, 31.781162], [117.032242, 31.780823], [117.038884, 31.781302], [117.04365, 31.781922], [117.04365, 31.78601], [117.048246, 31.78511], [117.049225, 31.785752], [117.051189, 31.785173], [117.052642, 31.785517], [117.054562, 31.7852], [117.055889, 31.785928], [117.056482, 31.785205], [117.057794, 31.785245], [117.058313, 31.783251], [117.061071, 31.782252], [117.060085, 31.781583], [117.060151, 31.780547], [117.061108, 31.780507], [117.061337, 31.779064], [117.062909, 31.777911], [117.064784, 31.778707], [117.065474, 31.778463], [117.067942, 31.779037], [117.069106, 31.778928], [117.072701, 31.779363], [117.072827, 31.778069], [117.074518, 31.778463], [117.074821, 31.777676], [117.076148, 31.777169], [117.076979, 31.776107], [117.078083, 31.775939], [117.078936, 31.77721], [117.081145, 31.777034], [117.083309, 31.777594], [117.084317, 31.779286], [117.086437, 31.780665], [117.088135, 31.780177], [117.09093, 31.782162], [117.091159, 31.783025], [117.092397, 31.783636], [117.093539, 31.783016], [117.098876, 31.784793], [117.103079, 31.785114], [117.105177, 31.784309], [117.106475, 31.78237], [117.106311, 31.777522], [117.108091, 31.775908], [117.111486, 31.774936], [117.114391, 31.77655], [117.114881, 31.781239], [117.114555, 31.78657], [117.117468, 31.79319], [117.122798, 31.797873], [117.130225, 31.804167], [117.140559, 31.812719], [117.146371, 31.8161], [117.149758, 31.818519], [117.153309, 31.819807], [117.155088, 31.818202], [117.155622, 31.816358], [117.157105, 31.816322], [117.15878, 31.814939], [117.158046, 31.813298], [117.158543, 31.812249], [117.158009, 31.811142], [117.158899, 31.80965], [117.155822, 31.808235], [117.156311, 31.807444], [117.153368, 31.805785], [117.153368, 31.804818], [117.155044, 31.803832], [117.156912, 31.803525], [117.157275, 31.80409], [117.158669, 31.803525], [117.161752, 31.80762], [117.167068, 31.807598], [117.168187, 31.813131], [117.167156, 31.813931], [117.171323, 31.817298], [117.172479, 31.81799], [117.178965, 31.815079], [117.189877, 31.811119], [117.190477, 31.812059], [117.192375, 31.811083], [117.193072, 31.812263], [117.191041, 31.813117], [117.192034, 31.814595], [117.19643, 31.812543], [117.194621, 31.809017], [117.195948, 31.808538], [117.197438, 31.805559], [117.202531, 31.801413], [117.201997, 31.800875], [117.20328, 31.800563], [117.204933, 31.799433], [117.201449, 31.796047], [117.19961, 31.79776], [117.202472, 31.793172], [117.203591, 31.792407], [117.203532, 31.788908], [117.202019, 31.787461], [117.202716, 31.785354], [117.203969, 31.785051], [117.200396, 31.785092], [117.200426, 31.78889], [117.19918, 31.788876], [117.19795, 31.792046], [117.195659, 31.79224], [117.195451, 31.788501], [117.192813, 31.786936], [117.190463, 31.783202], [117.187616, 31.784504], [117.188187, 31.785453], [117.186037, 31.785797], [117.187068, 31.789957], [117.182131, 31.7887], [117.17302, 31.788632], [117.175444, 31.786186], [117.175103, 31.784757], [117.176319, 31.781777], [117.176808, 31.779638], [117.177453, 31.77399], [117.177045, 31.771557], [117.175162, 31.768871], [117.174102, 31.766931], [117.177483, 31.765398], [117.180552, 31.762381], [117.182264, 31.761373], [117.187453, 31.756203], [117.19216, 31.759645], [117.193954, 31.760703], [117.200944, 31.763326], [117.203865, 31.764792], [117.208076, 31.768107], [117.209047, 31.769825], [117.209899, 31.770092], [117.212257, 31.772258], [117.214102, 31.772548], [117.215607, 31.774384], [117.218372, 31.777219], [117.217023, 31.778024], [117.21792, 31.778748], [117.230796, 31.769694], [117.226638, 31.764982], [117.223116, 31.767171], [117.221834, 31.765072], [117.225822, 31.763317], [117.225051, 31.761956], [117.22153, 31.76339], [117.220759, 31.761861], [117.222131, 31.761241], [117.22136, 31.759744], [117.223457, 31.75936], [117.217735, 31.74912], [117.211167, 31.753747], [117.210233, 31.754249], [117.213005, 31.756624], [117.212286, 31.757126], [117.214191, 31.759075], [117.212798, 31.760038], [117.208142, 31.755728], [117.208483, 31.752774], [117.204332, 31.749242], [117.202434, 31.750929], [117.20514, 31.75324], [117.20299, 31.755059], [117.201664, 31.753964], [117.200537, 31.754715], [117.199247, 31.753833], [117.199729, 31.752376], [117.19577, 31.749219], [117.194221, 31.750404], [117.193509, 31.75277], [117.197883, 31.754719], [117.194562, 31.757601], [117.197816, 31.759052], [117.197757, 31.761707], [117.194525, 31.760436], [117.192946, 31.759496], [117.191404, 31.757971], [117.187764, 31.755615], [117.190685, 31.753127], [117.189351, 31.752033], [117.186778, 31.754584], [117.184792, 31.750761], [117.188691, 31.744646], [117.19769, 31.732653], [117.206363, 31.723256], [117.214466, 31.718378], [117.219351, 31.716939], [117.221967, 31.71679], [117.224569, 31.71722], [117.226786, 31.71845], [117.227579, 31.710563], [117.226289, 31.707133], [117.221582, 31.705852], [117.218365, 31.703929], [117.217905, 31.699643], [117.220381, 31.693804], [117.224199, 31.68783], [117.22494, 31.685413], [117.225407, 31.682461], [117.226882, 31.679505], [117.230641, 31.676327], [117.232568, 31.674458], [117.234851, 31.673412], [117.239462, 31.672647], [117.240552, 31.670637], [117.240566, 31.669274], [117.241953, 31.667789], [117.244399, 31.667386], [117.246022, 31.667767], [117.248713, 31.666766], [117.249736, 31.665037], [117.249358, 31.662832], [117.251841, 31.657435], [117.252064, 31.65374], [117.252605, 31.652255], [117.254095, 31.650892], [117.256941, 31.65019], [117.260114, 31.648723], [117.262887, 31.646581], [117.265377, 31.645756], [117.26875, 31.646282], [117.270818, 31.646119], [117.274658, 31.645122], [117.276104, 31.645], [117.278454, 31.646128], [117.278958, 31.647649], [117.278958, 31.655116], [117.279099, 31.656366], [117.280492, 31.658544], [117.284065, 31.660187], [117.285889, 31.660473], [117.289751, 31.662546], [117.293606, 31.663728], [117.29471, 31.663719], [117.296801, 31.661994], [117.296067, 31.65848], [117.297268, 31.657023], [117.299284, 31.656411], [117.410611, 31.636921], [117.410848, 31.63097], [117.412605, 31.615443], [117.415837, 31.592247], [117.416237, 31.586913], [117.417386, 31.578838], [117.417853, 31.576264], [117.420203, 31.569094], [117.421953, 31.565659], [117.423687, 31.563375], [117.425437, 31.561589], [117.42858, 31.559468], [117.425133, 31.556807], [117.4205, 31.556494], [117.414881, 31.556576], [117.409239, 31.556417], [117.403613, 31.55649], [117.39878, 31.55678], [117.390463, 31.556884], [117.38534, 31.556032], [117.380477, 31.554255], [117.377208, 31.551998], [117.366852, 31.545633], [117.353413, 31.540877], [117.330893, 31.537387], [117.310937, 31.536543], [117.287534, 31.531706], [117.281916, 31.529647], [117.278595, 31.522347], [117.275592, 31.519631], [117.272605, 31.517604], [117.26746, 31.514915], [117.259358, 31.512257], [117.253146, 31.50935], [117.24706, 31.505641], [117.24362, 31.506851], [117.242279, 31.508167], [117.239588, 31.514171], [117.238595, 31.520569], [117.240114, 31.526147], [117.236474, 31.526986], [117.234199, 31.529085], [117.233428, 31.534648], [117.22832, 31.544781], [117.22583, 31.545035], [117.224406, 31.544055], [117.220033, 31.540252], [117.216082, 31.540982], [117.213242, 31.542899], [117.212004, 31.543081], [117.198276, 31.551984], [117.193902, 31.552569], [117.187038, 31.552093], [117.17875, 31.549681], [117.166689, 31.547374], [117.160255, 31.546716], [117.157275, 31.545429], [117.153821, 31.545157], [117.152961, 31.55023], [117.149959, 31.552827], [117.145022, 31.554835], [117.139269, 31.555057], [117.135666, 31.553072], [117.133732, 31.551027], [117.13365, 31.545665], [117.132101, 31.542886], [117.128031, 31.542981], [117.124251, 31.544477], [117.118565, 31.543049], [117.116437, 31.541635], [117.112294, 31.540098], [117.084777, 31.548244], [117.072687, 31.553503], [117.068958, 31.554323], [117.06597, 31.553521], [117.055007, 31.544749], [117.050329, 31.542854], [117.039625, 31.538883], [117.030033, 31.541054], [117.018135, 31.54513], [117.014747, 31.546812], [117.009751, 31.547587], [117.008142, 31.548521], [117.006882, 31.548031], [117.003183, 31.549636], [116.995377, 31.548063], [116.990566, 31.545651], [116.992457, 31.543602], [116.990655, 31.537532], [116.985592, 31.539141], [116.984814, 31.536067], [116.987134, 31.5338], [116.983784, 31.532336], [116.982368, 31.535909], [116.981122, 31.535945], [116.97752, 31.533973], [116.976274, 31.535034], [116.977942, 31.535836], [116.978787, 31.537074], [116.976704, 31.54007], [116.975437, 31.540238], [116.974792, 31.538243], [116.973376, 31.537423], [116.970967, 31.539653], [116.966934, 31.539794], [116.960626, 31.537495], [116.952538, 31.532055], [116.94712, 31.536366], [116.936022, 31.535156], [116.934547, 31.537731], [116.931804, 31.53691], [116.927016, 31.534693], [116.923606, 31.534902], [116.917142, 31.533583], [116.914992, 31.532916], [116.90689, 31.529325], [116.902049, 31.528223], [116.897764, 31.528264], [116.893754, 31.529221], [116.884117, 31.530917], [116.879306, 31.531656], [116.872605, 31.531035], [116.865889, 31.530187], [116.861323, 31.528632], [116.856771, 31.528677], [116.849781, 31.527149], [116.845496, 31.52651], [116.839306, 31.524052], [116.835622, 31.521962], [116.835214, 31.521091], [116.833635, 31.52008], [116.831367, 31.519232], [116.829766, 31.519073], [116.827142, 31.521132], [116.824444, 31.5209], [116.822694, 31.52207], [116.822153, 31.524505], [116.820211, 31.526147], [116.818765, 31.52855], [116.816148, 31.529162], [116.816104, 31.531003], [116.814785, 31.532408], [116.812405, 31.532649], [116.810352, 31.534018], [116.808076, 31.532504], [116.806742, 31.532608], [116.806304, 31.533805], [116.807268, 31.535274], [116.807268, 31.536153], [116.804466, 31.539245], [116.803183, 31.539925], [116.800166, 31.540265], [116.799002, 31.54071], [116.796475, 31.542618], [116.793836, 31.543348], [116.792835, 31.543933], [116.792383, 31.545764], [116.790952, 31.548874], [116.789766, 31.550606], [116.786919, 31.553267], [116.784206, 31.556159], [116.782954, 31.557025], [116.780418, 31.557967], [116.776964, 31.560347], [116.775778, 31.561906], [116.77434, 31.565582], [116.772553, 31.567721], [116.767505, 31.571311], [116.767401, 31.573944], [116.766749, 31.575902], [116.76557, 31.577909], [116.764332, 31.58119], [116.763324, 31.583007], [116.765934, 31.587303], [116.766764, 31.589356], [116.766853, 31.591821], [116.765822, 31.59612], [116.765785, 31.598816], [116.766223, 31.602137], [116.765882, 31.608439], [116.766875, 31.614097], [116.765652, 31.618577], [116.763813, 31.621517], [116.761308, 31.623977], [116.761226, 31.625431], [116.760448, 31.628415], [116.758335, 31.631409], [116.756742, 31.6328], [116.754644, 31.636944], [116.753643, 31.643139], [116.753146, 31.647038], [116.754295, 31.653441], [116.7554, 31.655728], [116.757587, 31.659146], [116.759499, 31.661419], [116.761679, 31.664611], [116.765489, 31.668935], [116.76795, 31.672117], [116.768261, 31.67578], [116.767498, 31.679456], [116.765659, 31.683136], [116.76328, 31.685906], [116.762531, 31.690722], [116.763754, 31.704006], [116.763532, 31.707214], [116.76259, 31.708948], [116.762242, 31.71135], [116.759588, 31.715265], [116.75749, 31.718722], [116.753784, 31.72379], [116.752264, 31.727183], [116.75216, 31.728735], [116.753361, 31.732961], [116.757194, 31.739575], [116.758587, 31.743225], [116.759425, 31.746885], [116.759744, 31.75101], [116.759788, 31.7549], [116.759566, 31.758342], [116.757994, 31.762476], [116.755333, 31.7641], [116.752116, 31.765502], [116.748358, 31.765533], [116.740819, 31.764905], [116.737587, 31.76424], [116.734621, 31.764032], [116.731137, 31.765429], [116.731982, 31.76978], [116.733628, 31.771829], [116.73474, 31.7748], [116.73451, 31.77778], [116.732924, 31.780312], [116.730248, 31.781931], [116.728758, 31.782397], [116.72179, 31.77924], [116.719773, 31.779091], [116.717839, 31.780362], [116.717105, 31.781334], [116.716927, 31.783098], [116.714836, 31.78435], [116.715281, 31.785205], [116.714392, 31.785869], [116.714747, 31.787398], [116.71457, 31.789328], [116.714006, 31.790079], [116.715452, 31.790459], [116.715429, 31.791675], [116.714117, 31.79186], [116.713265, 31.794329], [116.71216, 31.794935], [116.711641, 31.796938], [116.709603, 31.797005], [116.710537, 31.798194], [116.708928, 31.797968], [116.708283, 31.799026], [116.706408, 31.80069], [116.704518, 31.801025], [116.703324, 31.803755], [116.70153, 31.804072], [116.700485, 31.805021], [116.700574, 31.806083], [116.698113, 31.806544], [116.69792, 31.807824], [116.694814, 31.809379], [116.694703, 31.810721], [116.693339, 31.812367], [116.691916, 31.813411], [116.691478, 31.814568], [116.690107, 31.815725], [116.690233, 31.816295], [116.687802, 31.818044], [116.68755, 31.819707], [116.688773, 31.820959], [116.692538, 31.82025], [116.692976, 31.822031], [116.696, 31.827283], [116.698728, 31.830012], [116.70199, 31.832055], [116.705793, 31.834098], [116.714192, 31.838396], [116.722316, 31.84178], [116.725845, 31.844049], [116.728832, 31.846548], [116.732627, 31.848355], [116.735896, 31.85108], [116.738891, 31.854495], [116.740552, 31.857916], [116.73706, 31.858855], [116.733554, 31.857965], [116.727891, 31.85755], [116.724659, 31.858255], [116.721738, 31.861711], [116.720693, 31.865158], [116.721004, 31.868361], [116.721575, 31.871338], [116.71944, 31.873642], [116.716771, 31.875489], [116.714117, 31.878945], [116.71414, 31.881461], [116.71606, 31.884198], [116.718498, 31.886018], [116.72176, 31.887825], [116.725822, 31.889632], [116.730151, 31.890747], [116.735274, 31.891398], [116.740166, 31.894112], [116.744229, 31.896144], [116.74858, 31.898859], [116.753443, 31.901107], [116.759647, 31.902435], [116.764251, 31.904228], [116.766704, 31.906499], [116.771063, 31.911272], [116.775429, 31.916501], [116.780033, 31.918519], [116.784629, 31.920768], [116.790033, 31.922547], [116.792991, 31.922289], [116.79729, 31.922249], [116.800782, 31.921982], [116.80534, 31.921251], [116.810181, 31.921201], [116.813687, 31.922542], [116.816401, 31.924348], [116.820752, 31.928195], [116.825363, 31.931125], [116.828083, 31.934073], [116.831604, 31.935865], [116.834881, 31.939729], [116.836527, 31.94223], [116.83898, 31.944721], [116.841434, 31.948134], [116.847142, 31.952882], [116.851211, 31.95559], [116.855807, 31.958059]]]]}}, {"type": "Feature", "properties": {"adcode": 340124, "name": "庐江县", "center": [117.289844, 31.251488], "centroid": [117.326096, 31.267662], "childrenNum": 0, "level": "district", "acroutes": [100000, 340000, 340100], "parent": {"adcode": 340100}}, "geometry": {"type": "MultiPolygon", "coordinates": [[[[117.15626, 31.072399], [117.154017, 31.073277], [117.151518, 31.073754], [117.148792, 31.073661], [117.146733, 31.072714], [117.141573, 31.071712], [117.138635, 31.072256], [117.135974, 31.073135], [117.127979, 31.077807], [117.124019, 31.079638], [117.119516, 31.082157], [117.117306, 31.085046], [117.118484, 31.092483], [117.119467, 31.096096], [117.122808, 31.101806], [117.121901, 31.109174], [117.120217, 31.114073], [117.118055, 31.11651], [117.116839, 31.121711], [117.117175, 31.124414], [117.118256, 31.125831], [117.121363, 31.128261], [117.121971, 31.129275], [117.119402, 31.134414], [117.119402, 31.137117], [117.119739, 31.138403], [117.121091, 31.140499], [117.122775, 31.141711], [117.123661, 31.14293], [117.123188, 31.146442], [117.122113, 31.148538], [117.120081, 31.151308], [117.117919, 31.153676], [117.117241, 31.155908], [117.114541, 31.160774], [117.109414, 31.169564], [117.109414, 31.171994], [117.108328, 31.176049], [117.10502, 31.179294], [117.104004, 31.181458], [117.103059, 31.185308], [117.103396, 31.187539], [117.102787, 31.188961], [117.100159, 31.190512], [117.096302, 31.195852], [117.089611, 31.205783], [117.079193, 31.22165], [117.078449, 31.22469], [117.078987, 31.228341], [117.075603, 31.234488], [117.073577, 31.235835], [117.071345, 31.236848], [117.069107, 31.23691], [117.061389, 31.235884], [117.055083, 31.235396], [117.052916, 31.236002], [117.048723, 31.240048], [117.046349, 31.243686], [117.042216, 31.252463], [117.040728, 31.254149], [117.038419, 31.255663], [117.036459, 31.256101], [117.032249, 31.256626], [117.036116, 31.261505], [117.039473, 31.264012], [117.045263, 31.268996], [117.046355, 31.270317], [117.046762, 31.274239], [117.046539, 31.276993], [117.045774, 31.279975], [117.045817, 31.282963], [117.048, 31.285464], [117.052318, 31.287267], [117.058239, 31.288588], [117.063887, 31.289459], [117.066055, 31.291274], [117.069362, 31.296978], [117.070764, 31.301096], [117.07065, 31.311874], [117.070199, 31.317151], [117.070003, 31.321737], [117.070595, 31.325631], [117.071725, 31.329748], [117.073691, 31.335462], [117.075342, 31.338424], [117.078351, 31.342521], [117.08136, 31.345934], [117.081952, 31.35029], [117.080654, 31.353979], [117.076695, 31.356756], [117.074066, 31.360679], [117.07279, 31.364819], [117.072838, 31.368027], [117.073691, 31.371456], [117.074816, 31.37443], [117.077015, 31.378303], [117.081947, 31.384909], [117.084147, 31.388554], [117.08608, 31.392205], [117.088296, 31.396997], [117.091338, 31.403158], [117.094374, 31.408855], [117.097112, 31.412721], [117.099317, 31.4166], [117.102331, 31.420694], [117.104536, 31.424793], [117.109767, 31.433677], [117.113047, 31.43846], [117.116866, 31.442997], [117.119071, 31.44664], [117.124524, 31.452766], [117.128598, 31.456384], [117.1324, 31.460236], [117.135946, 31.464094], [117.138678, 31.467958], [117.142497, 31.472037], [117.144691, 31.475444], [117.147168, 31.479998], [117.147934, 31.481877], [117.149188, 31.483306], [117.152387, 31.485309], [117.15519, 31.486282], [117.155771, 31.486855], [117.166428, 31.490613], [117.184504, 31.492831], [117.201618, 31.492911], [117.210575, 31.491199], [117.228286, 31.490422], [117.23727, 31.490453], [117.243478, 31.491796], [117.250697, 31.496829], [117.25237, 31.498745], [117.252353, 31.500969], [117.251403, 31.502928], [117.250338, 31.504037], [117.247058, 31.505638], [117.253141, 31.509346], [117.25936, 31.512254], [117.267458, 31.514914], [117.272602, 31.517606], [117.275589, 31.519632], [117.278593, 31.522348], [117.281911, 31.529646], [117.287538, 31.531709], [117.310937, 31.536543], [117.330892, 31.537386], [117.353411, 31.540878], [117.366854, 31.545631], [117.377211, 31.551997], [117.380481, 31.554251], [117.385337, 31.55603], [117.390459, 31.556886], [117.398785, 31.556781], [117.403608, 31.556492], [117.409235, 31.556418], [117.414878, 31.556572], [117.420505, 31.556492], [117.425133, 31.556806], [117.428577, 31.559465], [117.432851, 31.56588], [117.436702, 31.56857], [117.436083, 31.563768], [117.436783, 31.562143], [117.438402, 31.5609], [117.441884, 31.559268], [117.446511, 31.559022], [117.447478, 31.558228], [117.453322, 31.556073], [117.458596, 31.552096], [117.460894, 31.545644], [117.465847, 31.538914], [117.470562, 31.53403], [117.473674, 31.529166], [117.476248, 31.523857], [117.479361, 31.51922], [117.48118, 31.51598], [117.485134, 31.512937], [117.489099, 31.510806], [117.492532, 31.508687], [117.500456, 31.504203], [117.504389, 31.500464], [117.506474, 31.49768], [117.511178, 31.492332], [117.514051, 31.488845], [117.518766, 31.484181], [117.521873, 31.479314], [117.526033, 31.473282], [117.531008, 31.468389], [117.534674, 31.464427], [117.538346, 31.460932], [117.54173, 31.45652], [117.544326, 31.452803], [117.548459, 31.445863], [117.552919, 31.441432], [117.554054, 31.4311], [117.553929, 31.430311], [117.555167, 31.428005], [117.555754, 31.425163], [117.55571, 31.423955], [117.554374, 31.418634], [117.55457, 31.413936], [117.555553, 31.401591], [117.554923, 31.399026], [117.553663, 31.397096], [117.545641, 31.387728], [117.544304, 31.386389], [117.542691, 31.381819], [117.539704, 31.379617], [117.53695, 31.375207], [117.534631, 31.37182], [117.532822, 31.369655], [117.529558, 31.364257], [117.527869, 31.360951], [117.52555, 31.357841], [117.521107, 31.352924], [117.519417, 31.350561], [117.518711, 31.34871], [117.519021, 31.339911], [117.519179, 31.331667], [117.518157, 31.324921], [117.517484, 31.309386], [117.516897, 31.29349], [117.516702, 31.28978], [117.515795, 31.286508], [117.516305, 31.286075], [117.520156, 31.287248], [117.523893, 31.287946], [117.545396, 31.284377], [117.562152, 31.281698], [117.565731, 31.280315], [117.571717, 31.271824], [117.57213, 31.27104], [117.574438, 31.258602], [117.575389, 31.25578], [117.573145, 31.248047], [117.561419, 31.233265], [117.559404, 31.223078], [117.556905, 31.218969], [117.555732, 31.215089], [117.551376, 31.211499], [117.540312, 31.205987], [117.525267, 31.200561], [117.532458, 31.192249], [117.53651, 31.188856], [117.542354, 31.185994], [117.55501, 31.177199], [117.558899, 31.168532], [117.558795, 31.159135], [117.554619, 31.154956], [117.554879, 31.149131], [117.552403, 31.14518], [117.547205, 31.142237], [117.542664, 31.141625], [117.536766, 31.139658], [117.530856, 31.137006], [117.528944, 31.134285], [117.527825, 31.131551], [117.527489, 31.127661], [117.527299, 31.118031], [117.52511, 31.114858], [117.517392, 31.114988], [117.513888, 31.11252], [117.512498, 31.109335], [117.512183, 31.106588], [117.51347, 31.104503], [117.516327, 31.101014], [117.52184, 31.097024], [117.524203, 31.09515], [117.526017, 31.092595], [117.527022, 31.089594], [117.527201, 31.085003], [117.527679, 31.082014], [117.528678, 31.079249], [117.527548, 31.075363], [117.526163, 31.072176], [117.524181, 31.066476], [117.520102, 31.06173], [117.517641, 31.05572], [117.515121, 31.051493], [117.5146, 31.048794], [117.512112, 31.047135], [117.501619, 31.046894], [117.494433, 31.046362], [117.489186, 31.044152], [117.485042, 31.041948], [117.482554, 31.039181], [117.483939, 31.035851], [117.48836, 31.032229], [117.493602, 31.029994], [117.496084, 31.025828], [117.499408, 31.018887], [117.50755, 31.00345], [117.503449, 31.00184], [117.500712, 31.000546], [117.494802, 30.996006], [117.491532, 30.99491], [117.484325, 30.99312], [117.482891, 30.992482], [117.466445, 30.990234], [117.459248, 30.988971], [117.453045, 30.984945], [117.450112, 30.984301], [117.448222, 30.982721], [117.446842, 30.980219], [117.445457, 30.977029], [117.444002, 30.970171], [117.441563, 30.96791], [117.436789, 30.968902], [117.433894, 30.970779], [117.430461, 30.971974], [117.425698, 30.973876], [117.422265, 30.97553], [117.41962, 30.976484], [117.415639, 30.977227], [117.412972, 30.977264], [117.409213, 30.975703], [117.40275, 30.972346], [117.395722, 30.968102], [117.391501, 30.966764], [117.387884, 30.965891], [117.385467, 30.964813], [117.384131, 30.962267], [117.38399, 30.958983], [117.384462, 30.953283], [117.383251, 30.951877], [117.378287, 30.951133], [117.371443, 30.95099], [117.369238, 30.951858], [117.367755, 30.952998], [117.365469, 30.95762], [117.365137, 30.959026], [117.368896, 30.961975], [117.369499, 30.963654], [117.368228, 30.967873], [117.36675, 30.971491], [117.364002, 30.975641], [117.359635, 30.981136], [117.357354, 30.984617], [117.35655, 30.987893], [117.354937, 30.989101], [117.351982, 30.990767], [117.348892, 30.992105], [117.34641, 30.992235], [117.340435, 30.990278], [117.337812, 30.987664], [117.334862, 30.98759], [117.331375, 30.98845], [117.324787, 30.989243], [117.321164, 30.99125], [117.317808, 30.995065], [117.314049, 30.999815], [117.308341, 31.000744], [117.30632, 31.000001], [117.301823, 30.993696], [117.300145, 30.989336], [117.298005, 30.985515], [117.295718, 30.98531], [117.291492, 30.984431], [117.285186, 30.982412], [117.277338, 30.984753], [117.273851, 30.987565], [117.270348, 30.991714], [117.2654, 30.995604], [117.258165, 31.001499], [117.252337, 31.007197], [117.249991, 31.009141], [117.247041, 31.011215], [117.241284, 31.014101], [117.235722, 31.016516], [117.231507, 31.019537], [117.229362, 31.022354], [117.228091, 31.025772], [117.227021, 31.030335], [117.226956, 31.033548], [117.225419, 31.037033], [117.22241, 31.041057], [117.218651, 31.044814], [117.21625, 31.049778], [117.214382, 31.054074], [117.212041, 31.057292], [117.203802, 31.061123], [117.201194, 31.062602], [117.194248, 31.067646], [117.190571, 31.069725], [117.187496, 31.073215], [117.185823, 31.076569], [117.184281, 31.078655], [117.178399, 31.083351], [117.174385, 31.08517], [117.172853, 31.08551], [117.170708, 31.08538], [117.167166, 31.083574], [117.161876, 31.076953], [117.159008, 31.074137], [117.15626, 31.072399]]]]}}, {"type": "Feature", "properties": {"adcode": 340181, "name": "巢湖市", "center": [117.874155, 31.600518], "centroid": [117.723144, 31.644741], "childrenNum": 0, "level": "district", "acroutes": [100000, 340000, 340100], "parent": {"adcode": 340100}}, "geometry": {"type": "MultiPolygon", "coordinates": [[[[117.436703, 31.568573], [117.437181, 31.572049], [117.440356, 31.572027], [117.442538, 31.574061], [117.444993, 31.575861], [117.448222, 31.577185], [117.45144, 31.577361], [117.454921, 31.577083], [117.459751, 31.577924], [117.464349, 31.580829], [117.469002, 31.586031], [117.469319, 31.588775], [117.472897, 31.594218], [117.47648, 31.5992], [117.481939, 31.605066], [117.487392, 31.610479], [117.491765, 31.615219], [117.496702, 31.621787], [117.505491, 31.63378], [117.51428, 31.645553], [117.520029, 31.651643], [117.531241, 31.664291], [117.534513, 31.666754], [117.540245, 31.67239], [117.541905, 31.674882], [117.543334, 31.679904], [117.543657, 31.682418], [117.545317, 31.685137], [117.548578, 31.687373], [117.551914, 31.693278], [117.552763, 31.695785], [117.552038, 31.699461], [117.549432, 31.703633], [117.547648, 31.70847], [117.548529, 31.71235], [117.551242, 31.713687], [117.554971, 31.712481], [117.557614, 31.710604], [117.562073, 31.705715], [117.565254, 31.703838], [117.568198, 31.703786], [117.5709, 31.704663], [117.572044, 31.708543], [117.571034, 31.711532], [117.568719, 31.716383], [117.569337, 31.720496], [117.572066, 31.722746], [117.574274, 31.725924], [117.573253, 31.728459], [117.571448, 31.732148], [117.570975, 31.73537], [117.570787, 31.739036], [117.572474, 31.743134], [117.57739, 31.747414], [117.582558, 31.750766], [117.58829, 31.755265], [117.593179, 31.758398], [117.599975, 31.761509], [117.606728, 31.7637], [117.61245, 31.766825], [117.618263, 31.774996], [117.619391, 31.7775], [117.622991, 31.782721], [117.627331, 31.784035], [117.633843, 31.786926], [117.636346, 31.790328], [117.638039, 31.794204], [117.638624, 31.799037], [117.638506, 31.80284], [117.638909, 31.809139], [117.6408, 31.818028], [117.642713, 31.820225], [117.644303, 31.821122], [117.650008, 31.822465], [117.651351, 31.823523], [117.665653, 31.846202], [117.669564, 31.852315], [117.672787, 31.857896], [117.676408, 31.863119], [117.678348, 31.86538], [117.680045, 31.869028], [117.681716, 31.871756], [117.683682, 31.875621], [117.687164, 31.886801], [117.689431, 31.892045], [117.692493, 31.89658], [117.697162, 31.900875], [117.708626, 31.906905], [117.709738, 31.908721], [117.711721, 31.913051], [117.71344, 31.918067], [117.716814, 31.924205], [117.719065, 31.928754], [117.722439, 31.934891], [117.724158, 31.939447], [117.728322, 31.944891], [117.732174, 31.948265], [117.735204, 31.951887], [117.737143, 31.953694], [117.738567, 31.957564], [117.739324, 31.967408], [117.742612, 31.969878], [117.745889, 31.971889], [117.751912, 31.97661], [117.756521, 31.977681], [117.761856, 31.975306], [117.76696, 31.975], [117.771016, 31.975619], [117.775341, 31.976923], [117.778629, 31.97916], [117.780563, 31.981418], [117.788788, 31.98815], [117.795869, 31.992382], [117.804583, 31.997918], [117.810933, 32.002259], [117.814543, 31.999571], [117.817815, 31.997699], [117.823982, 31.996243], [117.829467, 31.994778], [117.830058, 31.994334], [117.832723, 31.989155], [117.83347, 31.988769], [117.83491, 31.986671], [117.835495, 31.983028], [117.834238, 31.981899], [117.835619, 31.980282], [117.836092, 31.979073], [117.83888, 31.977834], [117.840744, 31.97629], [117.842495, 31.976581], [117.842941, 31.975233], [117.844687, 31.974548], [117.844129, 31.972574], [117.843441, 31.972348], [117.843103, 31.970971], [117.841115, 31.971882], [117.840416, 31.970592], [117.841244, 31.969747], [117.843387, 31.96904], [117.846423, 31.962584], [117.848856, 31.962198], [117.850909, 31.96147], [117.852284, 31.962016], [117.853176, 31.961557], [117.853009, 31.959597], [117.853348, 31.958373], [117.855276, 31.95685], [117.856517, 31.956361], [117.856684, 31.955108], [117.858527, 31.954795], [117.861315, 31.955866], [117.863206, 31.955319], [117.866032, 31.954037], [117.865452, 31.952492], [117.863808, 31.952004], [117.863738, 31.951136], [117.864587, 31.949628], [117.863953, 31.948207], [117.865226, 31.947536], [117.867187, 31.947617], [117.8686, 31.945292], [117.868412, 31.944534], [117.866263, 31.943564], [117.866725, 31.942078], [117.865376, 31.941436], [117.865242, 31.940416], [117.866376, 31.939818], [117.868557, 31.94089], [117.869293, 31.940452], [117.869169, 31.939257], [117.870362, 31.939425], [117.87076, 31.940525], [117.871528, 31.939847], [117.871275, 31.938885], [117.868584, 31.937763], [117.869239, 31.936116], [117.869685, 31.933659], [117.869078, 31.933207], [117.86766, 31.933878], [117.867144, 31.933098], [117.869932, 31.931903], [117.868047, 31.931108], [117.868122, 31.928987], [117.871394, 31.929242], [117.872215, 31.927937], [117.873467, 31.927573], [117.87502, 31.928761], [117.87762, 31.928812], [117.87733, 31.929453], [117.87885, 31.929738], [117.880833, 31.928017], [117.881166, 31.928856], [117.882176, 31.928805], [117.884814, 31.927201], [117.886538, 31.926786], [117.888548, 31.927784], [117.891964, 31.927216], [117.898331, 31.929184], [117.900028, 31.92914], [117.914136, 31.922324], [117.915162, 31.922208], [117.926283, 31.921974], [117.929679, 31.920837], [117.948353, 31.910492], [117.949143, 31.909821], [117.95185, 31.906242], [117.949433, 31.904543], [117.948138, 31.903004], [117.948331, 31.900766], [117.949411, 31.898753], [117.949626, 31.895786], [117.947628, 31.890776], [117.946714, 31.88667], [117.94471, 31.88166], [117.94406, 31.876628], [117.943163, 31.872974], [117.941723, 31.868874], [117.940584, 31.866373], [117.938887, 31.863418], [117.937748, 31.860464], [117.936324, 31.857502], [117.935739, 31.855452], [117.931328, 31.850937], [117.929426, 31.849828], [117.928035, 31.848244], [117.925048, 31.846917], [117.922587, 31.845355], [117.920137, 31.844246], [117.913873, 31.840912], [117.910832, 31.837753], [117.908033, 31.832528], [117.907431, 31.830018], [117.906298, 31.827063], [117.906233, 31.824545], [117.903676, 31.818627], [117.903091, 31.816809], [117.901694, 31.81454], [117.901366, 31.811795], [117.902849, 31.80627], [117.905406, 31.800504], [117.907211, 31.797489], [117.909032, 31.794941], [117.911396, 31.792153], [117.91268, 31.789839], [117.913432, 31.787539], [117.912025, 31.785269], [117.909822, 31.782326], [117.905943, 31.777581], [117.905041, 31.77347], [117.905788, 31.770936], [117.909462, 31.767439], [117.914082, 31.765314], [117.918289, 31.764569], [117.9214, 31.762604], [117.924741, 31.761407], [117.925123, 31.760304], [117.924779, 31.759041], [117.923694, 31.758026], [117.918311, 31.754893], [117.915952, 31.752607], [117.915275, 31.750321], [117.915254, 31.746085], [117.915651, 31.744427], [117.917113, 31.742586], [117.918332, 31.741644], [117.920057, 31.73415], [117.919997, 31.728306], [117.918628, 31.723557], [117.914582, 31.716763], [117.913072, 31.71536], [117.913223, 31.70405], [117.915829, 31.698708], [117.922582, 31.693286], [117.923253, 31.692387], [117.92631, 31.686942], [117.927986, 31.685327], [117.932257, 31.681819], [117.934138, 31.680847], [117.9403, 31.67956], [117.941439, 31.679049], [117.942175, 31.677265], [117.941557, 31.673837], [117.939193, 31.671381], [117.942245, 31.671498], [117.944136, 31.670621], [117.949282, 31.671352], [117.953747, 31.668282], [117.955122, 31.666235], [117.967656, 31.662149], [117.963874, 31.659371], [117.964733, 31.656446], [117.967656, 31.655277], [117.965249, 31.653383], [117.969026, 31.642123], [117.973318, 31.638475], [117.971943, 31.620499], [117.960785, 31.616696], [117.95906, 31.622452], [117.962708, 31.627169], [117.947225, 31.627805], [117.945887, 31.628449], [117.941122, 31.626913], [117.940305, 31.625158], [117.938806, 31.622964], [117.938376, 31.621063], [117.937216, 31.620368], [117.936233, 31.619051], [117.934616, 31.618122], [117.934503, 31.616426], [117.935594, 31.614092], [117.935749, 31.612944], [117.937125, 31.611481], [117.937189, 31.610457], [117.935325, 31.60906], [117.932816, 31.607948], [117.931838, 31.605688], [117.932128, 31.604467], [117.935379, 31.598607], [117.935293, 31.594964], [117.935647, 31.591599], [117.936179, 31.590589], [117.936029, 31.588936], [117.934702, 31.586894], [117.931973, 31.586909], [117.93057, 31.587597], [117.929593, 31.587129], [117.929259, 31.584048], [117.92955, 31.582848], [117.930817, 31.581144], [117.932392, 31.58061], [117.934546, 31.581122], [117.935346, 31.580507], [117.935411, 31.57851], [117.934546, 31.576754], [117.933568, 31.57578], [117.930189, 31.573556], [117.929636, 31.572524], [117.929437, 31.570044], [117.928255, 31.568229], [117.926439, 31.56779], [117.92415, 31.568024], [117.921115, 31.566838], [117.919063, 31.567314], [117.917209, 31.566758], [117.913916, 31.565009], [117.913706, 31.56375], [117.913964, 31.560596], [117.908656, 31.558335], [117.907448, 31.557595], [117.907238, 31.556703], [117.908603, 31.553651], [117.908656, 31.552597], [117.907394, 31.550445], [117.907711, 31.547129], [117.908291, 31.546866], [117.913723, 31.549574], [117.916806, 31.55013], [117.919804, 31.549237], [117.922377, 31.54598], [117.928056, 31.538419], [117.930178, 31.537584], [117.932606, 31.537657], [117.938769, 31.539846], [117.941654, 31.540651], [117.945215, 31.540776], [117.951039, 31.539883], [117.951958, 31.538631], [117.952151, 31.536969], [117.950873, 31.535205], [117.94925, 31.533763], [117.947692, 31.531538], [117.945027, 31.528726], [117.939553, 31.525088], [117.939709, 31.523982], [117.941815, 31.522094], [117.946113, 31.520644], [117.952409, 31.519839], [117.954633, 31.518528], [117.956352, 31.515709], [117.957142, 31.509778], [117.958249, 31.507398], [117.961596, 31.505927], [117.964336, 31.504982], [117.965759, 31.503832], [117.966039, 31.502521], [117.965383, 31.498216], [117.963691, 31.497754], [117.958582, 31.495418], [117.95596, 31.493763], [117.949567, 31.490057], [117.948224, 31.488973], [117.945543, 31.487831], [117.940982, 31.487391], [117.938973, 31.487508], [117.934224, 31.488556], [117.931618, 31.490511], [117.929995, 31.492371], [117.928287, 31.493265], [117.925934, 31.495821], [117.92068, 31.500266], [117.917784, 31.502375], [117.91297, 31.503371], [117.907888, 31.503459], [117.904697, 31.504198], [117.90013, 31.504045], [117.897444, 31.5034], [117.890159, 31.50124], [117.886361, 31.499006], [117.882858, 31.498157], [117.874203, 31.493726], [117.869895, 31.49243], [117.864769, 31.490453], [117.860713, 31.488695], [117.858543, 31.487355], [117.855577, 31.486263], [117.853138, 31.484703], [117.850167, 31.483612], [117.846697, 31.483216], [117.844564, 31.483714], [117.837924, 31.48567], [117.835259, 31.485948], [117.830982, 31.486029], [117.827222, 31.485633], [117.824267, 31.484542], [117.821828, 31.483216], [117.819378, 31.481422], [117.815601, 31.479657], [117.811056, 31.479503], [117.803626, 31.481935], [117.795895, 31.483443], [117.785204, 31.483626], [117.781175, 31.482777], [117.778462, 31.481217], [117.776797, 31.478265], [117.774218, 31.470969], [117.77309, 31.468237], [117.771714, 31.466427], [117.768486, 31.466024], [117.766659, 31.467658], [117.764838, 31.46998], [117.76192, 31.471401], [117.757096, 31.471709], [117.752793, 31.470632], [117.750891, 31.469284], [117.748968, 31.467248], [117.746792, 31.465673], [117.743547, 31.464581], [117.740603, 31.464398], [117.73767, 31.464896], [117.733909, 31.464955], [117.725576, 31.467065], [117.720644, 31.467907], [117.717485, 31.467636], [117.711001, 31.464208], [117.705618, 31.458706], [117.704758, 31.456193], [117.702738, 31.449349], [117.701841, 31.445004], [117.700976, 31.442264], [117.700374, 31.439296], [117.699241, 31.436328], [117.69699, 31.431543], [117.696383, 31.428113], [117.695711, 31.421473], [117.695099, 31.418505], [117.693664, 31.413704], [117.693987, 31.411688], [117.692896, 31.407327], [117.690092, 31.40512], [117.684236, 31.398926], [117.680384, 31.394622], [117.677101, 31.391455], [117.674893, 31.3885], [117.672943, 31.385091], [117.668522, 31.375713], [117.663708, 31.36618], [117.662037, 31.363452], [117.660608, 31.359117], [117.656122, 31.349546], [117.65494, 31.344059], [117.654312, 31.340171], [117.650873, 31.329211], [117.649455, 31.325785], [117.647752, 31.320767], [117.646076, 31.31712], [117.642997, 31.310971], [117.640779, 31.307331], [117.639092, 31.303684], [117.636884, 31.300507], [117.63387, 31.297109], [117.629583, 31.296705], [117.626934, 31.298349], [117.621841, 31.297733], [117.618322, 31.295942], [117.616409, 31.294137], [117.613616, 31.287759], [117.611671, 31.284573], [117.607814, 31.279354], [117.602667, 31.275757], [117.594909, 31.275185], [117.590622, 31.275023], [117.586598, 31.273937], [117.581768, 31.272865], [117.578271, 31.271764], [117.572125, 31.271037], [117.571717, 31.271823], [117.565732, 31.280316], [117.562154, 31.281696], [117.545392, 31.284375], [117.523892, 31.287942], [117.520158, 31.287245], [117.516306, 31.28607], [117.515795, 31.286511], [117.516698, 31.289777], [117.516897, 31.293491], [117.517488, 31.309386], [117.518159, 31.324927], [117.51918, 31.331669], [117.519024, 31.339915], [117.518707, 31.34871], [117.519416, 31.350558], [117.521109, 31.352927], [117.525546, 31.357841], [117.527867, 31.360951], [117.529559, 31.364258], [117.53282, 31.369656], [117.534631, 31.371819], [117.536946, 31.375207], [117.539703, 31.379614], [117.54269, 31.381821], [117.544301, 31.386389], [117.545639, 31.387731], [117.553665, 31.3971], [117.554922, 31.399028], [117.555551, 31.401587], [117.554568, 31.413938], [117.554375, 31.418629], [117.555712, 31.42395], [117.555755, 31.42516], [117.555164, 31.428003], [117.553929, 31.430312], [117.554052, 31.431103], [117.552919, 31.441436], [117.54846, 31.445862], [117.544323, 31.452808], [117.541728, 31.456522], [117.538343, 31.460933], [117.534674, 31.464427], [117.53101, 31.468383], [117.52603, 31.473284], [117.521872, 31.479312], [117.518766, 31.484176], [117.514049, 31.488841], [117.511181, 31.492327], [117.506474, 31.497681], [117.50439, 31.500464], [117.500452, 31.504198], [117.492533, 31.508687], [117.489095, 31.510803], [117.485135, 31.512934], [117.481181, 31.51598], [117.479365, 31.519216], [117.476249, 31.523858], [117.473676, 31.529166], [117.47056, 31.534027], [117.465843, 31.538917], [117.46089, 31.545643], [117.458601, 31.552092], [117.453325, 31.556073], [117.447475, 31.558225], [117.446513, 31.559023], [117.441882, 31.559271], [117.438406, 31.560903], [117.436784, 31.56214], [117.436085, 31.563772], [117.436703, 31.568573]]]]}}]}